Material,Unit_Cost
ACB0001-P17-1532TPG,0.78
ACB0007-P19-1930TPG,2.00
ACB0010-P16-0207TPG,1.90
ACB0011-P14-4121TPG,1.90
ACB0012-P14-1909TPG,1.89
ACB0013-P12-5408TPG,2.00
ACB0014-P19-4011TPG,0.86
ACB0018-P19-4126TPG,0.85
ACB0019-P14-1209TPG,0.78
ACB0021-P18-4020TPG,0.78
ACB0022-P14-4202TPG,0.95
ACB0023-P11-0103TPG,3.50
ACB0025-P16-3304TPG,1.71
ACB0026-P13-1406TPG,1.97
ACB0029-P17-4028TPG,1.89
ACB0030-P19-1930TPG,0.84
ACB0031-P15-3802TPG,0.86
ACB0032-P11-4800TPG,1.02
ACB0033-P13-0905TPG,2.00
ACB0034-P17-1107TPG,0.86
ACB0035-P18-0316TPG,2.00
ACB0036-P19-0303TPG,1.05
ACB0038-P18-1659TPG,0.86
ACB0043-P14-4105TPG,3.50
ACB0044-P16-0110TPG,3.50
ACB0045-P17-1311TPG,3.50
ACB0048-P11-4201TPG,0.86
ACB0049-P16-4021TPG,0.86
ACB0050-P14-3710TPG,0.86
ACD0001,0.69
ACE0006-P19-4013TPG,4.08
ACE0007-P11-4300TPG,4.46
ACE0009-P14-3710TPG,4.60
ACE0010-P16-4121TPG,4.60
ACE0011-P13-1409TPG,4.60
ACE0012-P14-4810TPG,4.60
ACK0022,0.75
ACK0023,0.75
ACK0024,0.75
ACK0025,0.70
ACK0027,0.70
ACK0028,0.70
ACK0076,5.75
ACK0077,5.75
ACK0078,5.75
ACK0079,5.75
ACK0080,5.75
ACK0081,5.75
ACK0082,5.75
ACK0083,5.75
ACK0152,4.10
ACT0001-P15-5205TPG,3.81
ACT0001-P15-6307TPG,3.75
ACT0001-P16-4408TPG,3.77
ACT0002-P11-4300TPG,3.80
ACT0006-P17-0619TPG,5.68
ACT0006-P18-0312TPG,5.51
ACT0006-P18-5806TPG,5.71
ACT0007-P18-0201TPG,7.80
ACT0008-P19-0303TPG,7.70
ACT0009-P19-4122TPG,7.61
ACT0010-P11-0103TPG,3.80
ACT0011-P15-5217TPG,9.18
ACT0012-P14-4121TPG,3.81
ACT0013-P15-2210TPG,3.78
ACT0016-P16-4712TPG,5.19
ACT0018-P12-0741TPG,5.70
ACT0071-P19-4316TPG,5.46
ACT0072-P19-4122TPG,5.69
ACT0073-P19-4013TPG,5.61
ACT0077-P15-4101TPG,14.29
ACT0078-P15-4305TPG,3.67
ACT0079-P11-4800TPG,3.78
ACT0080-P19-4127TPG,5.71
ACT0087-P16-1362TPG,2.09
ACT0088-P18-3930TPG,2.10
ACT0095-P15-4101TPG,3.80
ACT0097-P11-0510 TPG,6.91
ACT0102-P12-2901TPG,3.74
ACT0103-P17-4021TPG,5.59
ACT0108-P16-1104TPG,3.76
ACT0110-P11-0710TPG,3.78
ACT0123-P12-1310TPG,6.60
ACT0132-P13-2809TPG,6.89
ACT0134-P19-0303TPG,3.46
ACT0145-P13-4111TPG,6.25
ACT0146-P13-1105TPG,10.74
ACT0148-P18-4027TPG,3.69
ACT0165,6.90
ACT0167,5.62
ACT0168-P19-0515TPG,6.90
ACT0169-P18-1250TPG,6.90
ACT0170-P19-4826TPG,6.90
ACT0171-P17-3907TPG,6.90
ACT0172-P19-4340TPG,6.90
ACT0173-P15-4312TPG,6.90
ACT0181-P19-4009TPG,6.44
ACT0182-P15-4305TPG,6.90
ACT0185-P15-5706TPG,9.46
ACT0187-P19-3910TPG,6.90
ACT0188-P16-1109TPG,1.92
ACT0189-P11-0601TPG,1.92
ACT0190-P12-0738TPG,1.92
ACT0191-P19-1763TPG,2.47
ACT0192-P12-1404TPG,3.46
ACT0193-P12-0812TPG,3.81
ACT0194-P14-3812TPG,5.71
ACT0196-P13-4308TPG,7.56
ACT0197-P15-4309TPG,3.78
ACT0199-P15-4101TPG,3.46
ACT0200-P19-4109TPG,3.81
ACT0201-P11-0601TPG,6.00
ACT0203-P11-4202TPG,6.00
ACT0207-P15-0955TPG,6.00
ACT0212-P19-4220TPG,5.19
ACT0213-P12-5408TPG,6.90
ACT0214-P18-3943TPG,6.90
ACT0222-P15-3802TPG,3.70
ACT0223-P19-3910TPG,3.46
ACT0224-P14-1209TPG,3.46
ACT0226-P17-4023TPG,3.63
ACT0227-P18-3932TPG,3.68
ACT0228-P14-4123TPG,3.70
ACT0229-P14-3710TPG,3.81
ACT0231-P16-1362TPG,6.90
ACT0232-P18-1763TPG,6.90
ACT0233-P17-5107TPG,6.90
ACT0234-P13-0905TPG,1.92
ACT0235-P12-4805TPG,6.90
ACT0236-P12-1209TPG,6.90
ACT0240-P14-1133TPG,6.90
ACT0241-P17-4018TPG,6.90
ACT0242-P19-3955TPG,6.90
ACT0243-P16-1452TPG,10.57
ACT0244-P17-4911TPG,3.81
ACT0245-P17-1107TPG,5.19
ACT0248-P19-5414TPG,3.81
ACT0249-P13-4910TPG,6.90
ACT0250-P13-1409TPG,6.90
ACT0251-P14-1209TPG,5.71
ACT0252-P11-0103TPG,5.71
ACT0253-P18-3929TPG,3.81
ACT0254-P13-0607TPG,3.81
ACT0263-P12-0703TPG,3.81
ACT0264-P13-4308TPG,5.71
ACT0265-P15-1415TPG,5.71
ACT0266-P19-0417TPG,3.81
ACT0268-P13-1404TPG,8.01
ACT0269-P15-1020TPG,6.90
ACT0270-P11-4201TPG,3.81
ACT0271-P19-1216TPG,3.81
ACT0328-P16-0207TPG,3.81
ACV0001,26.88
ACV0002,26.79
ACV0003,26.88
ACV0004,26.70
ACY0003-P11-4201TPG,0.25
ACY0004-P19-0913TPG,0.25
ACY0005-P19-1436TPG,0.24
ACY0006-P14-4105TPG,0.25
ACY0008-P18-4510TPG,0.24
ACY0009-P16-1359TPG,0.24
ACY0010-P18-1660TPG,0.24
ACY0011-P18-0306TPG,0.25
CH-0013,"1,750.00"
CH-0042,250.88
CH-0045,242.00
CH-0057,184.00
CH-0058,407.39
CH-0100,322.30
CH-0105,271.01
CH-0120,350.00
CH-0136,"1,090.00"
CH-0193,"2,259.77"
CH-0239,160.01
CH-0282,315.00
FAF0082-P11-0601TPG,201.60
FAF0149-P19-0303TPG,207.00
FAF0150-P11-4604TPG,207.00
FAF0151-P11-1408TPG,207.00
FAF0195-P18-1710TPG,257.60
FAL0003-P12-0703TPG,329.96
FAL0015-P11-0103TPG,268.81
FAL0016-P19-0303TPG,415.52
FAL0018-P11-0601TPG,377.89
FAL0019-P11-0103TPG,378.95
FAL0021-P12-5410TPG,129.84
FAL0022-P11-1408TPG ,271.10
FAL0023-P11-0606TPG,275.82
FAL0024-P11-1408TPG,415.41
FAL0025-P11-0606TPG,414.79
FAL0027-P14-3612TPG,199.48
FAL0029-P14-1219TPG,122.00
FAL0031-P14-1910TPG,199.41
FAL0034-P11-0103TPG,284.35
FAL0044-P17-1512TPG,150.46
FAL0050-P13-4302TPG,209.64
FAL0083-P11-0103TPG,120.82
FAL0085-P15-4101TPG,123.75
FAL0089-P19-1930TPG,123.60
FAL0090-P11-0601TPG,89.80
FAL0091-P14-4102TPG,247.60
FAL0093-P18-5105TPG,254.76
FAL0097-P18-0201TPG,272.97
FAL0098-P19-4122TPG,273.36
FAL0099,134.00
FAL0100-P19-4122TPG,257.00
FAL0101,134.00
FAL0105-P11-0103TPG,257.00
FAL0107-P11-4302TPG,120.45
FAL0108-P18-3921TPG,122.00
FAL0110-P14-4105TPG,120.00
FAL0115-P11-0103TPG,279.08
FAL0116-P18-0201TPG,283.16
FAL0120-P19-4127TPG,283.36
FAL0121-P15-1415TPG,132.73
FAL0122-P13-4304TPG,132.95
FAL0125-P19-4122TPG,252.60
FAL0130-P15-1607TPG,119.72
FAL0132-P19-3220TPG,121.00
FAL0133-P19-0303TPG,297.20
FAL0135-P11-1408TPG,214.00
FAL0136-P19-4914TPG,238.00
FAL0138-P19-4118TPG,132.35
FAL0139-P16-1104TPG,131.73
FAL0142-P15-1214TPG,121.00
FAL0143-P16-1516TPG,121.00
FAL0145-P17-1532TPG,246.00
FAL0146-P11-1408TPG,246.00
FAL0147-P15-4101TPG,132.38
FAL0151-P19-1436TPG,117.00
FAL0154-P19-4011TPG,119.45
FAL0155-P18-1448TPG,128.83
FAL0163-P13-4308TPG,238.00
FAL0164-P19-0303TPG,263.97
FAL0165-P12-0607TPG,262.36
FAL0166-P11-0103TPG,263.55
FAL0167-P13-1318TPG,253.00
FAL0168-P14-3206TPG,253.00
FAL0169-P18-4006TPG,253.00
FAL0171-P19-4340TPG,122.58
FAL0172-P19-4023TPG,134.00
FAL0173-P19-0303TPG,134.00
FAL0174-P14-6305TPG,129.83
FAL0175-P14-6305TPG,300.80
FAL0176-P18-4027TPG,106.00
FAL0178-P13-4308TPG,114.15
FAL0180-P13-4110TPG,106.00
FAL0185-P16-3802TPG,131.03
FAL0186-P16-1710TPG,133.48
FAL0188-P13-6105TPG,134.00
FAL0189-P17-4023TPG,134.00
FAL0191-P19-4011TPG,238.00
FAL0200-P18-1652TPG,283.36
FAL0207-P16-1356TPG,120.55
FAL0208,121.00
FAL0210-P11-0601TPG,256.98
FAL0212-P14-0941TPG,120.19
FAL0213-P18-5128TPG,119.65
FAL0215-P18-3929TPG,273.00
FAL0216-P18-0316TPG,132.83
FAL0217-P11-0601TPG,325.00
FAL0218-P19-0303TPG,295.00
FAL0224-P17-5734TPG,134.00
FAL0229-P11-0601TPG,325.00
FAL0233-P17-4021TPG,213.00
FAL0234-P19-3910TPG,238.00
FAL0235-P19-0309TPG,215.74
FAL0236-P19-4013TPG,123.53
FAL0244-P11-0601TPG,280.18
FAL0246-P19-4011TPG,122.00
FAL0247-P19-4111TPG,122.00
FAL0250-P19-0303TPG,161.00
FAL0251-P19-0303TPG,283.17
FAL0252-P19-0303TPG,105.99
FAL0254-P19-0303TPG,335.60
FAL0255-P19-0303TPG,119.00
FAL0256-P19-0303TPG,353.92
FAL0258-P19-0303TPG,228.00
FAL0261-P13-4308TPG,134.71
FAL0263-P13-0002TPG,121.00
FAL0265-P19-0303TPG,365.00
FAL0266-P16-1415TPG,365.00
FAL0267-P17-1512TPG,365.00
FAL0268-P11-0606TPG,365.00
FAL0269-P16-1109TPG,365.00
FAL0270-P17-4020TPG,120.89
FAL0271-P14-4103TPG,155.24
FAL0272-P19-4118TPG,119.10
FAL0273-P18-3712TPG,106.00
FAL0274-P15-5516TPG,121.00
FAL0277-P18-0514TPG,167.30
FAL0278-P14-4102TPG,266.20
FAL0279-P13-4303TPG,258.05
FAL0280-P16-5127TPG,133.28
FAL0284-P14-4102TPG,133.92
FAL0285-P18-0426TPG,111.40
FAL0287-P18-0201TPG,255.39
FAL0288-P11-0601TPG,260.90
FAL0291-P16-5803TPG,117.00
FAL0294-P13-0935TPG,280.17
FAL0298-P19-0303TPG,347.15
FAL0299-P18-1660TPG,288.67
FAL0300-P18-4020TPG,113.98
FAL0302-P19-0413TPG,133.33
FAL0303-P18-5633TPG,131.23
FAL0304-P13-4404TPG,117.04
FAL0306-P18-4020TPG,216.00
FAL0307-P18-1660TPG,134.00
FAL0308-P17-4020TPG,131.38
FAL0309-P15-5210TPG,238.00
FAL0310-P19-1420TPG,133.89
FAL0311-P16-3304TPG,245.15
FAL0312-P19-4030TPG,106.00
FAL0313-P15-4706TPG,134.00
FAL0315-P19-0303TPG,139.00
FAL0316-P12-0704TPG,139.00
FAL0317-P11-0619TPG,139.00
FAL0318-P11-1408TPG,139.00
FAL0319-P19-0913TPG,106.00
FAL0320-P19-4109TPG,121.90
FAL0321-P14-1209TPG,213.00
FAL0322-P19-4109TPG,213.00
FAL0323-P14-5714TPG,134.00
FAL0324-P15-6428TPG,116.71
FAL0325-P16-4706TPG,115.57
FAL0329-P16-1310TPG,126.08
FAL0337-P11-0601TPG,311.36
FAL0338-P11-0601TPG,130.60
FAL0339-P11-0601TPG,329.00
FAL0340-P11-0601TPG,329.07
FAL0342-P11-0103TPG,247.00
FAL0343-P11-0103TPG,259.17
FAL0344-P11-0103TPG,315.60
FAL0345-P19-0303TPG,379.00
FAL0346-P18-0950TPG,265.04
FAL0347-P18-1420TPG,128.34
FAL0348-P17-4408TPG,134.00
FAL0349-P19-4122TPG,204.06
FAL0350-P19-4122TPG,282.98
FAL0351-P19-4122TPG,127.36
FAL0352-P19-4122TPG,288.19
FAL0353-P19-4122TPG,122.00
FAL0354-P19-4122TPG,218.40
FAL0357-P11-0601TPG,263.20
FAL0358-P14-3907TPG,120.43
FAL0360-P19-4329TPG,248.60
FAL0361-P13-4201TPG,451.36
FAL0363-P11-0601TPG,111.57
FAL0366-P15-0955TPG,130.69
FAL0368-P14-1910TPG,120.75
FAL0373-P17-1322TPG,283.36
FAL0374-P15-0309TPG,134.00
FAL0374-P16-1213TPG,106.00
FAL0375-P14-4809TPG,121.90
FAL0376-P15-4415TPG,117.96
FAL0377-P17-4432TPG,118.06
FAL0378-P13-0942TPG,121.06
FAL0379-P13-1511TPG,117.50
FAL0380-P14-1803TPG,116.60
FAL0381-P17-4139TPG,120.97
FAL0382-P11-0103TPG,252.46
FAL0383-P12-4401TPG,131.20
FAL0384-P13-0221TPG,122.00
FAL0385-P14-1310TPG,196.00
FAL0386-P14-6316TPG,214.00
FAL0387-P19-4122TPG,213.77
FAL0388-P14-4202TPG,196.00
FAL0390-P12-5408TPG,124.72
FAL0394-P15-1308TPG,133.52
FAL0400-P13-0535TPG,134.00
FAL0402-P14-4104TPG,235.23
FAL0404-P13-0908TPG,106.00
FAL0405-P15-1905TPG,106.00
FAL0406-P13-4403TPG,261.60
FAL0407-P18-4020TPG,244.00
FAL0408-P12-4108TPG,135.94
FAL0410-P11-0601TPG,265.92
FAL0411-P11-0601TPG,234.00
FAL0412-P11-0601TPG,302.00
FAL0413-P11-0601TPG,301.00
FAL0414-P11-0601TPG,339.90
FAL0415-P11-0601TPG,145.82
FAL0416-P11-0601TPG,198.60
FAL0417-P11-0601TPG,251.23
FAL0419-P19-0303TPG,309.35
FAL0420-P19-3921TPG,122.00
FAL0422-P14-4121TPG,134.00
FAL0425-P17-4435TPG,134.00
FAL0426-P15-4415TPG,134.00
FAL0427-P14-3812TPG,134.00
FAL0428-P13-1409TPG,134.00
FAL0431-P16-1320TPG,117.00
FAL0432-P14-5706TPG,123.34
FAL0433-P19-0303TPG,265.00
FAL0434-P13-5304TPG,265.00
FAL0435-P17-4028TPG,136.85
FAL0436-P18-3929TPG,130.76
FAL0438-P12-0736TPG,106.00
FAL0439-P18-2133TPG,106.00
FAL0440-P19-4033TPG,119.62
FAL0441-P18-5204TPG,106.00
FAL0443-P15-3800TPG,128.72
FAL0445-P19-3218TPG,121.01
FAL0447-P14-4102TPG,120.20
FAL0448-P13-4202TPG,244.00
FAL0449-P14-4317TPG,106.00
FAL0450-P14-1907TPG,117.00
FAL0451-P12-0607TPG,113.58
FAL0452-P12-1010TPG,117.00
FAL0453-P12-4608TPG,136.46
FAL0455-P19-3910TPG,133.43
FAL0456-P19-4030TPG,117.00
FAL0459-P17-4014TPG,255.60
FAL0460-P17-1512TPG,246.00
FAL0461-P19-3803TPG,100.12
FAL0462-P19-4126TPG,268.88
FAL0463-P14-4102TPG,272.87
FAL0465-P14-4102TPG,255.36
FAL0466-P19-4033TPG,264.20
FAL0468-P17-4028TPG,258.72
FAL0469-P18-0202TPG,204.47
FAL0470-P19-3910TPG,250.60
FAL0471-P18-5204TPG,134.00
FAL0472-P17-3919TPG,117.00
FAL0473-P19-3223TPG,242.31
FAL0474-P15-1822TPG,106.00
FAL0475-P18-4020TPG,266.47
FAL0476-P17-4029TPG,218.30
FAL0478-P13-4303TPG,282.48
FAL0479-P11-0601TPG,271.00
FAL0480-P13-0648TPG,133.30
FAL0481-P19-4031TPG,121.38
FAL0482-P14-4102TPG,254.00
FAL0483-P14-4105TPG,272.31
FAL0485-P13-4303TPG,268.78
FAL0486-P15-2706TPG,226.00
FAL0487-P19-4227TPG,121.00
FAL0494-P16-4706TPG,215.74
FAL0495-P18-0601TPG,265.24
FAL0496-P15-2706TPG,265.92
FAL0497-P17-4029TPG,255.60
FAL0498-P14-4102TPG,258.64
FAL0500-P19-3803TPG,155.19
FAL0501-P14-4810TPG,256.98
FAL0502-P14-4317TPG,134.00
FAL0503-P13-0935TPG,117.00
FAL0506-P19-4122TPG,107.91
FAL0507-P16-1257TPG,139.00
FAL0508-P13-0905TPG,139.00
FAL0510-P16-0207TPG,134.00
FAL0514-P14-4202TPG,379.00
FAL0515-P19-4111TPG,379.00
FAL0516-P18-1652TPG,157.60
FAL0517-P11-0103TPG,379.00
FAL0518-P19-5025TPG,224.56
FAL0519-P14-6305TPG,213.00
FAL0520-P14-4115TPG,117.00
FAL0521-P16-1210TPG,134.00
FAL0522-P19-5025TPG,117.00
FAL0523-P13-1011TPG,117.00
FAL0524-P14-1909TPG,122.00
FAL0525-P11-0601TPG,322.58
FAL0526-P11-0710TPG,300.80
FAL0527-P14-3710TPG,212.71
FAL0528-P19-4028TPG,136.86
FAL0529-P13-0003TPG,122.00
FAL0530-P14-3710TPG,134.00
FAL0531-P17-1462TPG,134.00
FAL0532-P19-4045TPG,134.00
FAL0533-P17-1360TPG,134.00
FAL0534-P16-4414TPG,131.77
FAL0535-P13-4910TPG,214.00
FAL0536-P16-4121TPG,214.00
FAL0537-P13-1409TPG,214.00
FAL0539-P18-5633TPG,214.00
FAL0541-P15-4309TPG,379.00
FAL0542-P12-0304TPG,213.00
FAL0543-P12-5201TPG,213.00
FAL0544-P16-1324TPG,238.00
FAL0545-P13-0607TPG,238.00
FAL0546-P12-5201TPG,136.85
FAL0547-P16-1324TPG,117.00
FAL0548-P12-6207TPG,254.00
FAL0550-P16-5109TPG,121.00
FAL0553-P19-1121TPG,100.65
FAL0554-P19-0510TPG,161.00
FAL0555-P19-0510TPG,174.60
FAL0557-P14-4202TPG,265.00
FAL0558-P14-1323TPG,247.00
FAL0561-P17-1311TPG,121.90
FAL0562-P19-1218TPG,121.00
FAL0563-P15-2706TPG,121.00
FAL0564-P13-1310TPG,121.00
FAL0565-P16-5904TPG,121.90
FAL0566-P11-0602TPG,134.00
FAL0567-P13-3820TPG,134.00
FAL0568-P11-0110TPG,253.00
FAL0569-P13-5313TPG,303.20
FAL0570-P14-1315TPG,303.20
FAL0571-P14-1208TPG,234.00
FAL0572-P17-1710TPG,234.00
FAL0573-P12-0704TPG,214.00
FAL0575-P11-0103TPG,214.00
FAL0576-P14-2304TPG,121.90
FAL0577-P13-0907TPG,121.90
FAL0579-P19-4011TPG,134.00
FAL0580-P15-1308TPG,214.00
FAL0581-P13-4306TPG,214.00
FAL0582-P13-2005TPG,134.00
FAL0583-P13-4306TPG,134.00
FAL0584-P18-0201TPG,263.00
FAL0585-P14-4214TPG,263.00
FAL0586-P11-0103TPG,263.00
FAL0587-P13-3920TPG,134.00
FAL0588-P11-0619TPG,134.00
FAL0589-P17-1147TPG,134.00
FAL0590-P12-0104TPG,134.00
FAL0591-P11-0103TPG,247.00
FAL0592-P11-0103TPG,254.00
FAL0599,120.65
FAL0600-P13-2804TPG,303.20
FAL0601-P11-0103TPG,303.20
FAL0602-P17-3410TPG,121.90
FAL0603-P13-2010TPG,289.00
FAL0604-P15-1214TPG,289.00
FAL0605-P19-0303TPG,289.00
FAL0606-P19-4013TPG,289.00
FAL0607-P17-1710TPG,289.00
FAL0609-P12-0000TPG,134.00
FAL0610-P15-1215TPG,133.28
FAL0613-P18-1720TPG,121.00
FAL0614-P18-3633TPG,121.00
FAL0620-P18-5016TPG,128.79
FAL0621-P18-4004TPG,129.10
FAL0624-P18-0201TPG,266.20
FAL0626-P11-0601TPG,158.19
FAL0627-P17-1322TPG,280.60
FAL0628-P15-5516TPG,134.00
FAL0634-P18-5204TPG,155.25
FAL0636-P17-4021TPG,259.84
FAL0639-P16-1710TPG,134.00
FAL0640-P13-0711TPG,134.00
FAL0641-P19-0303TPG,299.00
FAL0643-P16-1516TPG,299.00
FAL0655-P11-4201TPG,121.00
FAL0656-P14-4202TPG,121.00
FAL0658-P15-1305TPG,133.28
FAL0669-P16-3930TPG,264.20
FAL0685-P19-4229TPG,252.46
FAL0686-P19-0303TPG,314.31
FAL0687-P11-0103TPG,314.31
FAL0695,121.00
FAL0697-P18-1304TPG,134.00
FAL0698-P18-1660TPG,173.20
FAL0701-P11-0602TPG,379.00
FAL0714-P11-0601TPG,139.60
FAL0719-P15-0955TPG,214.00
FAL0720-P11-4302TPG,214.00
FAL0728-P19-0913TPG,129.80
FAL0731-P18-4005TPG,268.59
FAL0733-P19-4220TPG,274.00
FAL0775-P15-3915TPG,121.00
FAL0823-P17-1511TPG,273.00
G-VM-DIVIDE-01-G11,72.90
G-VM-DIVIDE-01-G12,72.90
G-VM-DIVIDE-01-G13,72.90
G-VM-DIVIDE-02-G11,72.15
G-VM-DIVIDE-02-G12,72.15
G-VM-DIVIDE-02-G13,72.15
G-VM-DIVIDE-03-G11,73.12
G-VM-DIVIDE-03-G12,73.12
G-VM-DIVIDE-03-G13,73.12
G-VM-DIVIDE-04-G11,70.77
G-VM-DIVIDE-04-G12,70.77
IM-03164-P19-0303TPG,5.08
IM-03165,5.95
IM-04395-P14-3203TPG,6.71
IM-09225,3.03
JWLAM0031,332.07
JWLAM0045,302.65
JWLAM0047,513.00
JWLAM0050,297.15
JWLAM0052,318.96
JWLAM0054,284.13
JWLAM0056,311.27
JWLAM0063,300.38
JWLAM0065,279.30
JWLAM0067,326.47
JWLAM0072,159.19
JWLAM0073,164.63
JWLAM0074,151.18
JWLAM0075,130.74
JWLAM0077,164.43
JWLAM0078,352.23
JWLAM0080,164.43
JWLAM0081,164.43
JWLAM0085,164.43
JWLAM0086,165.53
JWLAM0087,177.56
JWLAM0088,162.96
JWLAM0089,159.42
JWLAM0090,154.41
JWLAM0091,162.00
JWLAM0092,189.52
JWLAM0093,174.66
JWLAM0095,180.07
JWLAM0099,171.63
JWLAM0101,174.21
JWLAM0103,164.43
JWLAM0105,175.07
JWLAM0107,380.47
JWLAM0108,376.08
JWLAM0109,377.99
JWLAM0113,352.84
JWLAM0115,449.23
JWLAM0116,425.86
JWLAM0117,390.57
JWLAM0118,382.58
JWLAM0119,396.30
JWLAM0121,362.52
JWLAM0125,167.69
JWLAM0126,161.46
JWLAM0127,119.56
JWLAM0128,168.18
JWLAM0129,177.15
JWLAM0130,171.06
JWLAM0131,164.73
JWLAM0132,150.45
JWLAM0133,401.20
JWLAM0136,291.88
JWLAM0137,310.38
JWLAM0147,333.67
JWLAM0149,381.00
JWLAM0166,328.86
JWLAM0169,159.39
JWLAM0173,164.43
JWLAM0176,164.43
JWLAM0180,382.14
JWLAM0181,170.59
JWLAM0183,168.29
JWLAM0186,168.29
JWLAM0191,406.92
JWLAM0194,360.62
JWLAM0198,289.53
JWLAM0213,165.18
JWLAM0216,158.56
JWLAM0217,167.31
JWLAM0218,172.74
JWLAM0219,752.26
JWLAM0220,765.00
JWLAM0221,697.03
JWLAM0222,313.72
JWLAM0224,333.96
JWLAM0227,283.72
JWLAM0228,310.57
JWLAM0229,289.75
JWLAM0230,372.96
JWLAM0231,373.55
JWLAM0232,173.43
JWLAM0233,176.79
JWLAM0234,372.86
JWLAM0235,372.83
JWLAM0236,370.89
JWLAM0241,295.61
JWLAM0242,304.98
JWLAM0243,296.73
JWLAM0245,173.06
JWLAM0246,299.81
JWLAM0247,312.60
JWLAM0248,331.88
JWLAM0249,346.05
JWLAM0250,468.63
JWLAM0251,308.56
JWLAM0252,297.58
JWLAM0253,160.20
JWLAM0254,179.39
JWLAM0256,332.73
JWLAM0259,330.77
JWLAM0260,151.75
JWLAM0261,333.98
JWLAM0262,352.70
JWLAM0263,302.74
JWLAM0264,340.55
JWLAM0265,144.65
JWLAM0272,325.00
JWLAM0273,131.84
JWLAM0274,164.11
JWLAM0275,315.76
JWLAM0276,307.83
JWLAM0277,306.03
JWLAM0278,307.97
JWLAM0279,305.49
JWLAM0280,151.96
JWLAM0281,249.58
JWLAM0282,248.00
JWLAM0283,247.36
JWLAM0284,178.20
JWLAM0285,200.05
JWLAM0286,171.22
JWLAM0287,160.20
JWLAM0288,227.19
JWLAM0289,220.84
JWLAM0290,220.84
JWLAM0291,220.84
JWLAM0292,187.33
JWLAM0293,181.47
JWLAM0298,295.06
JWLAM0299,174.07
JWLAM0300,158.88
JWLAM0301,278.38
JWLAM0302,141.05
JWLAM0303,141.05
JWLAM0304,258.18
JWLAM0305,267.81
JWLAM0307,143.53
JWLAM0308,160.68
JWLAM0310,388.83
JWLAM0311,250.22
JWLAM0312,344.76
JWLAM0313,280.33
JWLAM0314,179.84
JWLAM0315,334.38
JWLAM0316,355.10
JWLAM0317,332.77
JWLAM0318,313.09
JWLAM0322,168.70
JWLAM0323,169.66
JWLAM0324,278.07
JWLAM0325,265.61
JWLAM0326,276.52
JWLAM0327,342.56
JWLAM0328,160.28
JWLAM0329,368.87
JWLAM0330,370.52
JWLAM0331,361.68
JWLAM0332,368.36
JWLAM0333,371.49
JWLAM0334,362.45
JWLAM0335,429.47
JWLAM0341,340.07
JWLAM0342,161.43
JWLAM0343,161.45
JWLAM0344,160.42
JWLAM0345,494.92
JWLAM0346,500.65
JWLAM0347,494.92
JWLAM0348,354.21
JWLAM0349,354.21
JWLAM0350,354.21
JWLAM0351,292.05
JWLAM0352,326.47
JWLAM0353,176.82
JWLAM0354,162.90
JWLAM0365,174.25
JWLAM0366,163.49
JWLAM0367,169.08
JWLAM0368,168.93
JWLAM0372,231.66
JWLAM0373,232.70
JWLAM0374,224.10
JWLAM0375,296.65
JWLAM0376,295.52
JWLAM0377,289.73
JWLAM0378,178.30
JWLAM0379,171.13
JWLAM0380,4.50
JWLAM0381,59.30
JWLAM0382,59.30
JWLAM0383,187.92
JWLAM0384,185.69
JWLAM0387,234.46
JWLAM0388,233.80
JWLAM0389,233.55
JWLAM0391,644.00
JWLAM0392,595.00
JWLAM0393,595.00
JWLAM0394,643.37
JWLAM0396,644.00
JWLAM0397,642.97
JWLAM0400,634.43
JWLAM0402,634.00
JWLAM0403,644.00
JWLAM0404,644.00
JWLAM0407,634.00
JWLAM0409,644.00
JWLAM0410,168.48
JWLAM0411,642.83
JWLAM0413,176.09
JWLAM0414,176.95
JWLAM0418,351.23
JWLAM0419,350.96
JWLAM0420,170.35
JWLAM0421,169.52
JWLAM0422,169.26
JWLAM0423,328.89
JWLAM0424,331.41
JWLAM0425,185.51
LBL0009,1.22
LBL0047,1.22
LBL0048,1.22
LBL0049,1.22
LBL0053,0.90
LBL0054,0.90
LBL0055,0.90
LBL0057,0.42
LBL0058,0.42
LBL0059,0.40
LBL0060,0.40
OVM0074-G10,79.00
OVM0074-G6,79.00
OVM0074-G7,79.00
OVM0074-G8,79.00
OVM0074-G9,79.00
OVM0075-G8,87.50
OVM0076-G10,79.00
OVM0076-G6,79.00
OVM0076-G7,79.00
OVM0076-G8,79.00
OVM0076-G9,79.00
OVM0077-G8,82.00
OVM0077-G9,82.00
OVM0078-G10,80.00
OVM0078-G6,80.00
OVM0078-G7,80.00
OVM0078-G8,80.00
OVM0078-G9,80.00
OVM0079-G10,88.00
OVM0079-G6,87.85
OVM0079-G7,87.95
OVM0079-G8,88.00
OVM0079-G9,87.52
OVM0080-G10,79.00
OVM0080-G6,79.00
OVM0080-G7,79.00
OVM0080-G8,79.00
OVM0080-G9,79.00
OVM0081-G7,79.00
OVM0082-G10,82.00
OVM0082-G7,82.00
OVM0082-G8,82.00
OVM0083-G10,79.00
OVM0083-G6,79.00
OVM0083-G7,79.00
OVM0083-G8,79.00
OVM0083-G9,79.00
OVM0084-G10,88.00
OVM0084-G6,88.00
OVM0084-G7,87.79
OVM0084-G8,87.86
OVM0084-G9,88.00
OVM0085-G7,82.00
OVM0085-G8,82.00
OVM0086-G7,80.00
OVM0086-G8,80.00
OVM0086-G9,80.00
OVM0087-G10,87.52
OVM0087-G6,87.24
OVM0087-G7,87.93
OVM0087-G8,87.80
OVM0087-G9,87.89
OVM0088-G7,79.00
OVM0088-G8,79.00
OVM0089-G10,79.00
OVM0089-G6,79.00
OVM0089-G7,79.00
OVM0089-G8,79.00
OVM0089-G9,79.00
OVM0090-G10,79.00
OVM0090-G6,79.00
OVM0090-G7,79.00
OVM0090-G8,79.00
OVM0090-G9,79.00
OVM0091-G8,82.00
OVM0091-G9,82.00
OVM0092-G10,80.00
OVM0092-G7,80.00
OVM0092-G8,80.00
OVM0092-G9,80.00
OVM0097-G10,82.00
OVM0097-G6,82.00
OVM0097-G7,82.00
OVM0097-G8,82.00
OVM0097-G9,82.00
OVM0098-G10,82.00
OVM0098-G6,82.00
OVM0098-G7,82.00
OVM0098-G8,82.00
OVM0098-G9,82.00
OVM0099-G10,82.00
OVM0099-G6,82.00
OVM0099-G7,82.00
OVM0099-G8,82.00
OVM0099-G9,82.00
OVM0100-G10,82.00
OVM0100-G6,82.00
OVM0100-G7,82.00
OVM0100-G8,82.00
OVM0100-G9,82.00
OVM0121-G10,58.00
OVM0121-G6,58.00
OVM0121-G7,58.00
OVM0121-G8,58.00
OVM0121-G9,58.00
OVM0122-G10,67.79
OVM0122-G6,67.49
OVM0122-G7,67.82
OVM0122-G8,67.88
OVM0122-G9,67.86
OVM0123-G10,58.00
OVM0123-G6,58.00
OVM0123-G7,58.00
OVM0123-G8,58.00
OVM0123-G9,58.00
OVM0124-G10,58.00
OVM0124-G6,58.00
OVM0124-G7,58.00
OVM0124-G8,58.00
OVM0124-G9,58.00
OVM0125-G10,74.73
OVM0125-G6,75.28
OVM0125-G7,75.10
OVM0125-G8,74.97
OVM0125-G9,74.82
OVM0126-G10,68.00
OVM0126-G6,68.00
OVM0126-G7,68.00
OVM0126-G8,68.00
OVM0126-G9,68.00
OVM0127-G10,74.73
OVM0127-G6,75.24
OVM0127-G7,75.11
OVM0127-G8,74.97
OVM0127-G9,74.84
OVM0128-G10,71.00
OVM0128-G6,71.00
OVM0128-G7,71.00
OVM0128-G8,71.00
OVM0128-G9,71.00
OVM0129-G10,71.00
OVM0129-G6,71.00
OVM0129-G7,71.00
OVM0129-G8,71.00
OVM0129-G9,71.00
OVM0130-G10,68.00
OVM0130-G6,68.00
OVM0130-G7,68.00
OVM0130-G8,68.00
OVM0130-G9,68.00
OVM0131-G10,71.00
OVM0131-G6,71.00
OVM0131-G7,71.00
OVM0131-G8,71.00
OVM0131-G9,71.00
OVM0132-G10,58.00
OVM0132-G6,58.00
OVM0132-G7,58.00
OVM0132-G8,58.00
OVM0132-G9,58.00
OVM0133-G10,74.73
OVM0133-G6,75.24
OVM0133-G7,75.11
OVM0133-G8,74.97
OVM0133-G9,74.84
OVM0134-G10,71.00
OVM0134-G6,71.00
OVM0134-G7,71.00
OVM0134-G8,71.00
OVM0134-G9,71.00
OVM0135-G10,68.00
OVM0135-G6,68.00
OVM0135-G7,68.00
OVM0135-G8,68.00
OVM0135-G9,68.00
PUL0100-P18-4032TPG,510.00
PUL0126-P11-0103TPG,538.37
PUL0128-P14-6305TPG,520.01
PUL0129-P15-4307TPG,539.00
PUL0130-P18-1222TPG,537.97
PUL0133-P13-0403TPG,585.00
PUL0134-P19-5511TPG,529.43
PUL0136-P19-0913TPG,537.83
PUL0137-P19-5025TPG,539.00
PUL0138-P14-1305TPG,529.00
PUL0140-P14-4202TPG,539.00
PUL0141-P19-4111TPG,539.00
PUL0142-P18-0201TPG,490.00
PUL0143-P19-1930TPG,490.00
PUL0152-P15-1614TPG,529.00
PUV0001-P19-0303TPG,236.23
PUV0002-P18-0201TPG,232.65
PUV0003-P19-4122TPG,235.86
PUV0008-P19-0303TPG,292.00
PUV0009-P19-5414TPG,227.33
PUV0010-P19-0303TPG,242.99
PUV0011-P18-0201TPG,242.87
PUV0015-P11-0103TPG,239.75
PUV0018-P14-4202TPG,237.81
PUV0020,215.97
PUV0022-P17-4021TPG,264.00
PUV0024-P17-4435TPG,255.18
PUV0027-P19-4122TPG,229.74
PUV0031-P11-0601TPG,290.02
PUV0032-P19-0303TPG,299.00
PUV0039-P19-4329TPG,225.34
PUV0061-P15-3817TPG,228.48
PUV0066-P14-2307TPG,229.00
PUV0068-P19-4118TPG,242.21
PUV0070-P19-4045TPG,192.53
PUV0074-P19-0303TPG,254.59
PUV0075-P19-4914TPG,223.56
PUV0081-P19-0309TPG,238.22
PUV0084-P19-1218TPG,239.00
PUV0087-P15-1415TPG,239.00
PUV0089-P19-3926TPG,251.82
PUV0090-P16-1708TPG,215.96
PUV0091-P14-4115TPG,217.26
PUV0097-P16-1806TPG,240.57
PUV0099-P19-0303TPG,282.00
PUV0106-P18-0312TPG,227.74
PUV0107-P18-5204TPG,228.06
PUV0108-P14-4105TPG,216.81
PUV0109-P17-4021TPG,199.52
PUV0111-P16-5412TPG,210.10
PUV0113-P11-0619TPG,225.31
PUV0114-P11-4300TPG,221.76
PUV0116-P19-4011TPG,221.00
PUV0117-P15-4720TPG,244.12
PUV0119-P13-0607TPG,229.00
PUV0121,298.36
PUV0124-P19-3910TPG,241.54
PUV0125-P11-0601TPG,219.69
PUV0126-P14-6305TPG,223.46
PUV0133-P19-0309TPG,224.79
PUV0139-P16-3802TPG,218.16
PUV0142-P18-4252TPG,245.00
PUV0143-P19-1530TPG,245.00
PUV0144-P16-1362TPG,245.00
PUV0145-P13-0905TPG,236.32
PUV0146-P17-1537TPG,245.00
PUV0148-P16-1143TPG,191.00
PUV0151-P18-3932TPG,217.78
PUV0153-P19-1216TPG,222.42
PUV0157-P17-4320TPG,239.00
PUV0160-P16-1310TPG,233.20
PUV0161-P19-0303TPG,231.29
PUV0162-P19-0303TPG,264.90
PUV0165-P17-5110TPG,239.00
PUV0166-P11-4801TPG,216.00
PUV0167-P11-4202TPG,227.09
PUV0170-P12-0601TPG,210.10
PUV0172-P17-4320TPG,233.20
PUV0173-P17-4427TPG,205.00
PUV0174-P14-4315TPG,246.38
PUV0176-P18-4510TPG,295.00
PUV0177-P15-0955TPG,295.00
PUV0178-P11-0601TPG,295.00
PUV0179-P17-4021TPG,295.00
PUV0180-P18-4020TPG,251.90
PUV0181-P18-0201TPG,251.88
PUV0182-P17-4021TPG,286.00
PUV0183-P19-0303TPG,286.00
PUV0184-P19-4122TPG,286.00
PUV0185-P18-4020TPG,286.00
PUV0186-P11-0601TPG,286.00
PUV0187-P13-5306TPG,245.00
PUV0188-P13-0000TPG,244.42
PUV0189-P11-0601TPG,229.22
PUV0191-P19-0303TPG,223.96
PUV0194-P18-1660TPG,228.69
PUV0195-P11-0601TPG,248.58
PUV0196-P19-4118TPG,228.09
PUV0206-P19-4035TPG,240.03
PUV0207-P18-4020TPG,225.50
PUV0208-P14-5711TPG,191.00
PUV0213-P11-4601TPG,248.65
PUV0215-P13-4110TPG,228.98
PUV0218-P18-4027TPG,263.25
PUV0222-P13-4104TPG,279.00
PUV0223-P19-4035TPG,279.00
PUV0224-P17-4245TPG,279.00
PUV0225-P15-0955TPG,279.00
PUV0227-P15-1308TPG,252.00
PUV0228-P13-0905TPG,210.00
PUV0229-P14-4211TPG,217.15
PUV0230-P16-0110TPG,229.00
PUV0232-P19-0303TPG,282.12
PUV0233-P15-0955TPG,300.00
PUV0234-P19-4023TPG,283.26
PUV0235-P16-1257TPG,300.00
PUV0236-P11-0601TPG,300.00
PUV0237-P14-1133TPG,284.59
PUV0238-P13-0905TPG,300.00
PUV0239-P13-4201TPG,250.00
PUV0240-P19-4039TPG,250.00
PUV0241-P19-4125TPG,256.00
PUV0242-P14-0708TPG,256.00
PUV0243-P17-4021TPG,283.04
PUV0244-P13-0935TPG,275.00
PUV0245-P19-3838TPG,229.00
PUV0246-P17-4018TPG,282.43
PUV0247-P18-1616TPG,250.00
PUV0248-P11-0700TPG,239.00
PUV0249-P14-4203TPG,239.00
PUV0250-P18-0312TPG,224.56
PUV0251-P19-4125TPG,250.00
PUV0252-P19-0303TPG,275.00
PUV0254-P13-4308TPG,240.00
PUV0255-P19-3832TPG,239.00
PUV0256-P16-4612TPG,224.00
PUV0257-P19-0303TPG,268.00
PUV0258-P13-4910TPG,268.00
PUV0259-P12-2902TPG,268.00
PUV0260-P11-0601TPG,268.00
PUV0262-P16-5907TPG,237.00
PUV0263-P19-3906TPG,265.00
PUV0264-P17-1502TPG,265.00
PUV0265-P16-1320TPG,232.07
PUV0266-P15-4703TPG,265.00
PUV0267-P19-5030TPG,256.78
PUV0268-P15-4306TPG,265.00
PUV0271-P14-4710TPG,239.00
PUV0272-P18-3929TPG,256.00
PUV0275-P19-4109TPG,246.00
PUV0276-P15-1512TPG,221.45
PUV0278-P18-4027TPG,254.00
PUV0280-P14-1904TPG,221.67
PUV0281-P19-4023TPG,246.00
PUV0282-P14-4202TPG,246.00
PUV0285-P19-0203TPG,239.00
PUV0286-P19-0303TPG,242.00
PUV0287-P19-0303TPG,233.00
PUV0288-P19-1530TPG,239.00
PUV0290-P12-0806TPG,239.00
PUV0291-P14-4504TPG,239.00
PUV0292-P13-1501TPG,239.00
PUV0293-P19-4220TPG,246.00
PUV0294-P16-1310TPG,246.00
PUV0295-P12-0000TPG,243.95
PUV0296-P14-1909TPG,246.00
PUV0297-P14-3710TPG,246.00
PUV0298-P15-5706TPG,246.00
PUV0299-P16-1710TPG,246.00
PUV0300-P12-0607TPG,246.00
PUV0301-P19-1524TPG,217.83
PUV0302-P17-1525TPG,229.00
PUV0303-P19-1218TPG,254.00
PUV0304-P13-0908TPG,242.00
PUV0305-P13-3820TPG,242.00
PUV0306-P17-1319TPG,242.00
PUV0307-P12-0311TPG,242.00
PUV0308-P13-1409TPG,242.00
PUV0309-P13-3920TPG,275.00
PUV0310-P11-0619TPG,275.00
PUV0311-P12-4305TPG,275.00
PUV0312-P17-1147TPG,275.00
PUV0313-P15-1115TPG,275.00
PUV0314-P12-0104TPG,275.00
PUV0315-P18-1612TPG,229.00
PUV0316-P16-4414TPG,229.00
PUV0317-P11-0601TPG,260.27
PUV0319-P11-0601TPG,280.57
PUV0320-P11-0601TPG,268.00
PUV0321-P13-2804TPG,256.00
PUV0322-P13-1105TPG,244.75
PUV0323-P19-4013TPG,256.00
PUV0324-P18-1710TPG,256.00
PUV0325-P11-0105TPG,256.00
PUV0327-P19-0515TPG,225.15
PUV0328-P19-0515TPG,254.00
PUV0329-P11-0103TPG,259.42
PUV0330-P11-0103TPG,252.00
PUV0332-P19-0303TPG,282.19
PUV0333-P19-4039TPG,291.00
PUV0334-P15-1215TPG,291.00
PUV0335-P18-1244TPG,291.00
PUV0336-P16-3930TPG,291.00
PUV0337-P17-1641TPG,291.00
PUV0340-P19-3864TPG,245.00
PUV0341-P15-0955TPG,245.00
PUV0362-P14-3710TPG,268.00
PUV0363-P11-0103TPG,236.00
PUV0364-P11-0601TPG,242.00
PUV0365-P19-4057TPG,242.00
PUV0368-P13-0711TPG,229.00
PUV0369-P16-1334TPG,229.00
PUV0371-P13-4108TPG,229.00
PUV0373-P19-0303TPG,282.00
PUV0374-P19-0303TPG,242.94
PUV0375-P19-0303TPG,217.60
PUV0376-P19-0303TPG,276.09
PUV0378-P19-0303TPG,223.00
PUV0387-P19-4048TPG,221.00
PUV0388-P16-4016TPG,217.06
PUV0389-P16-1452TPG,221.00
PUV0390-P19-4026TPG,282.00
PUV0391-P13-0905TPG,282.00
PUV0392-P17-1347TPG,282.00
PUV0393-P12-0404TPG,282.00
PUV0397-P17-1108TPG,236.00
PUV0398-P19-1216TPG,236.00
PUV0399-P11-0103TPG,282.00
PUV0400-P19-0913TPG,282.00
PUV0401-P19-4118TPG,282.00
PUV0410-P18-1250TPG,282.00
PUV0433-P17-4014TPG,282.00
RM-00067-P16-1150TPG,230.54
RM-00070,256.33
RM-00221,196.00
RM-00231,39.89
RM-00232,40.11
RM-00341-P19-0303TPG,27.21
RM-00342-P11-0601TPG,27.30
RM-00348-P19-0303TPG,1.14
RM-00360,0.04
RM-00361,0.04
RM-00362,0.04
RM-00364,0.04
RM-00365,0.04
RM-00366,0.04
RM-00367,0.04
RM-00368,0.04
RM-00369,0.04
RM-00370,0.04
RM-00371,0.04
RM-00374,0.04
RM-00375,0.04
RM-00376,0.04
RM-00377,0.04
RM-00378,0.04
RM-00379,0.04
RM-00380,0.04
RM-00381,0.04
RM-00382,0.04
RM-00383,0.04
RM-00384,0.04
RM-00385,0.04
RM-00387,0.04
RM-00388,0.03
RM-00389,0.04
RM-00455,1.13
RM-00456,1.14
RM-00458,1.87
RM-00459-P19-0303TPG,1.85
RM-00460,1.84
RM-00675,5.29
RM-00676,5.25
RM-00677,5.25
RM-00678,5.24
RM-00679,6.58
RM-00680,6.62
RM-00681,6.58
RM-00682,6.63
RM-00687,0.65
RM-00694,0.46
RM-00705,1.10
RM-00718,2.02
RM-00735,105.00
RM-00741-P19-0303TPG,113.95
RM-00742-P19-0303TPG,130.11
RM-00810-P19-0303TPG,152.78
RM-00816-P18-0201TPG,152.01
RM-00816-P19-0203TPG,153.21
RM-00858-P13-0905TPG,124.97
RM-00858-P14-1209TPG,132.10
RM-00858-P15-1307TPG,132.96
RM-00858-P15-1315TPG,134.00
RM-00858-P16-1109TPG,117.00
RM-01500-P11-0601TPG,56.44
RM-01579,165.00
RM-01586-P19-0303TPG,56.27
RM-01812-P19-0303TPG,196.71
RM-01841,0.43
RM-01889-P11-0601TPG,162.58
RM-01973,281.43
RM-01982,263.01
RM-02002,1.50
RM-02055,149.49
RM-02215,226.39
RM-02318-P14-4202TPG,218.29
RM-02318-P15-4101TPG,225.00
RM-02393-P11-0601TPG,216.35
RM-02419,0.04
RM-02420,0.04
RM-02421-P19-0303TPG,2.33
RM-02541-P19-0303TPG,217.17
RM-02549-P18-0201TPG,217.47
RM-02549-P19-4220TPG,223.85
RM-02566-P19-4013TPG,218.36
RM-02566-P19-4122TPG,217.80
RM-02566-P19-4316TPG,228.37
RM-02568-P19-4241TPG,218.89
RM-02613-P11-0601TPG,196.15
RM-02881-P19-0303TPG,90.34
RM-03112,0.04
RM-03257,149.50
RM-03328,138.64
RM-03373,223.39
RM-03383-P19-0303TPG,163.06
RM-03456-P19-0303TPG,2.10
RM-03502,0.64
RM-03571-P19-4024TPG,155.25
RM-03571-P19-4122TPG,149.95
RM-03574,0.95
RM-03628-P13-1105TPG,154.88
RM-03671,0.32
RM-03680,0.04
RM-03816-P19-0303TPG,226.88
RM-03817,227.96
RM-03859,221.34
RM-03991-P19-4916TPG,135.20
RM-04044-P18-1660TPG,133.42
RM-04114,0.04
RM-04135-P19-0303TPG,93.93
RM-04168,69.30
RM-04178,0.07
RM-04266,226.23
RM-04276,0.43
RM-04278,0.32
RM-04288,276.06
RM-04390-P19-0303TPG,134.53
RM-04571-P11-0601TPG,242.72
RM-04640-P19-4220TPG,125.71
RM-04641-P14-4202TPG,132.21
RM-04641-P15-4101TPG,132.34
RM-04653,144.47
RM-05023-P19-0303TPG,132.42
RM-05230,155.25
RM-05488,2.11
RM-05494,151.85
RM-05604-P19-0303TPG,188.60
RM-05613,242.35
RM-05615-P19-0303TPG,250.49
RM-05619,242.08
RM-05812-P19-4241TPG,134.00
RM-05874-P19-4122TPG,132.35
RM-05969-P19-0303TPG,8.20
RM-06142-P19-4013TPG,134.72
RM-06142-P19-4122TPG,134.81
RM-06142-P19-4316TPG,121.18
RM-06347-P16-4400TPG,134.00
RM-06347-P18-0201TPG,134.15
RM-06347-P18-5105TPG,127.53
RM-06424,223.82
RM-06448-P18-0201TPG,243.71
RM-06449-P19-0303TPG,243.01
RM-06451-P14-4105TPG,250.06
RM-06451-P14-4202TPG,242.37
RM-06451-P15-4101TPG,240.03
RM-06456,227.20
RM-06462,119.59
RM-06463,117.84
RM-06893,2.48
RM-06999-P11-1408TPG,222.38
RM-06999-P13-2804TPG,217.33
RM-07000-P14-3612TPG,217.61
RM-07000-P14-3710TPG,239.00
RM-07036-P15-1242TPG,117.00
RM-07036-P16-1359TPG,133.47
RM-07036-P16-1362TPG,132.98
RM-07057,228.23
RM-07079-P18-4027TPG,244.52
RM-07080-P18-4027TPG,226.71
RM-07097-P17-4730TPG,121.88
RM-07217,2.04
RM-07495,183.00
RM-07620,228.01
RM-07953-P17-4021TPG,122.55
RM-07953-P18-4020TPG,132.10
RM-08088,2.45
RM-08415,155.85
RM-08506-P19-0303TPG,120.57
RM-08507-P19-4013TPG,120.36
RM-08507-P19-4122TPG,118.93
RM-08546,300.00
RM-08687,0.04
RM-08773,0.25
RM-08774-P19-0303TPG,0.26
RM-08776,0.25
RM-08777,0.24
RM-08779,208.91
RM-08801-P11-0601TPG,120.80
RM-09014-P14-1323TPG,108.72
RM-09017,126.81
RM-09073,0.24
RM-09092-P14-4202TPG,0.26
RM-09098,2.38
RM-09148-P13-4910TPG,217.33
RM-09169,0.25
RM-09331,117.63
RM-09377,0.26
RM-09611,106.00
RM-09626,201.83
RM-09628,317.08
RM-09747-P17-4730TPG,239.79
RM-09809-P15-5209TPG,119.56
RM-09809-P17-4928TPG,114.26
RM-09809-P17-5025TPG,121.00
RM-09829,9.40
RM-09842-P18-1652TPG,121.41
RM-09924,2.08
RM-10049,110.91
RM-10159,151.18
RM-10160,155.03
RM-10170-P19-5414TPG,0.25
RM-10171,112.83
RM-10198-P15-5706TPG,120.00
RM-10198-P16-5808TPG,106.00
RM-10198-P18-0312TPG,119.20
RM-10198-P19-0309TPG,121.00
RM-10199-P19-1216TPG,115.31
RM-10432,187.00
RM-10459-P13-1105TPG,3.46
RM-10459-P14-1209TPG,3.81
RM-10460,11.70
RM-10461,12.18
RM-10476-P18-2042TPG,120.83
RM-10477-P13-4910TPG,117.70
RM-10582-P19-0303TPG,173.99
RM-10633,106.00
RM-10824,5.08
RM-10976-P11-0103TPG,249.20
RM-10976-P11-0606TPG,240.85
RM-10983,149.07
RM-11402-P17-4021TPG,121.00
RM-11402-P17-4023TPG,119.85
RM-11402-P18-3930TPG,121.00
RM-11778-P19-0303TPG,148.00
RM-11957,269.65
RM-11995,262.33
RM-12334-P19-0303TPG,105.19
RM-12530-P19-0303TPG,180.00
RM-12531,180.00
RM-12539-P14-1911TPG,231.53
RM-12584,9.27
RM-12723,0.23
RM-12724,0.23
RM-12725,0.23
RM-12726,0.23
RM-12727,0.23
RM-12728,0.23
RM-12729,0.23
RM-12730,0.23
RM-12731,0.23
RM-12732,0.23
RM-12733,0.23
RM-12734,0.23
RM-12932-P19-0303TPG,205.20
RM-12939,7.87
RM-12947,0.23
RM-12948,0.23
RM-12949,0.23
RM-12950,0.23
RM-12951,0.23
RM-12952,0.23
RM-13196,3.23
RM-13487-P19-0303TPG,283.56
RM-13489-P19-4122TPG,283.72
RM-13504,2.90
RM-13525-P19-0303TPG,3.41
RM-13544,0.95
RM-13553-P18-0201TPG,274.91
RM-13647-P11-0601TPG,105.02
RM-13946-P19-4126TPG,242.41
RM-13992-P19-4013TPG,240.80
RM-13992-P19-4122TPG,241.40
RM-14063,195.00
RM-14207-P14-3612TPG,120.86
RM-14258-P15-5217TPG,134.00
RM-14264,0.03
RM-14508,149.64
RM-14595,4.90
RM-14789,263.56
RM-14819-P19-0303TPG,2.41
RM-14840-P19-0303TPG,125.05
RM-14859,4.85
RM-14912-P19-4122TPG,245.60
RM-14913-P16-1452TPG,121.00
RM-15054,3.51
RM-15066-P19-4126TPG,216.54
RM-15067-P19-4126TPG,121.09
RM-15083-P19-4122TPG,99.71
RM-15123,146.75
RM-15353,8.50
RM-15354,8.50
RM-15355,8.48
RM-15356,8.47
RM-15357,8.50
RM-15358,8.50
RM-15359,8.29
RM-15360,8.30
RM-15476-P16-5804TPG,233.20
RM-15572-P19-193OTPG,121.00
RM-15630,179.00
RM-15838-P19-4126TPG,269.40
RM-15954,10.71
RM-15955,10.66
RM-15986,235.12
RM-15987,128.00
RM-16024,290.72
RM-16176-P19-0303TPG,244.00
RM-16214-P19-0303TPG,4.59
RM-16215-P19-4122TPG,4.60
RM-16269,0.04
RM-16320,0.04
RM-16332-P11-0601TPG,132.19
RM-16353-P14-4202TPG,4.57
RM-16354,0.04
RM-16381-P19-0303TPG,271.94
RM-16539-P19-4013TPG,9.49
RM-16539-P19-4122TPG,9.49
RM-16541-P19-0303TPG,9.49
RM-16880,9.39
RM-16902-P19-4013TPG,227.39
RM-16967,157.50
RM-16968,156.00
RM-16970,156.00
RM-17029-P14-1910TPG,119.60
RM-17076-P13-1404TPG,118.03
RM-17076-P13-1409TPG,120.35
RM-17076-P15-1415TPG,113.80
RM-17232-P14-1209TPG,118.71
RM-17232-P16-1310TPG,120.65
RM-17393,3.66
RM-17521-P19-4126TPG,4.60
RM-17602,157.50
RM-17699-P11-0606TPG,119.83
RM-17830,157.50
RM-17880,245.60
RM-18111,0.25
RM-18112,0.25
RM-18114,0.25
RM-18119,0.24
RM-18120,0.25
RM-18121,0.25
RM-18128,0.24
RM-18155,0.25
RM-18156,0.25
RM-18379,0.24
RM-18389,0.24
RM-18390,0.24
RM-18391,0.24
RM-18392,0.24
RM-18393,0.24
RM-18394,0.24
RM-18395,0.24
RM-18546,156.45
RM-18594,172.06
RM-18676,156.60
RM-18677,380.00
RM-18680,380.93
RM-18721,159.00
RM-18728,159.00
RM-18880,158.50
RM-18904-P19-0303TPG,163.68
RM-18927-P19-0303TPG,5.44
RM-18947,422.90
RM-19159-P19-0303TPG,268.95
RM-19160-P19-4122TPG,263.24
RM-19161,259.25
RM-19162-P11-0601TPG,322.57
RM-19173,381.38
RM-19177,0.23
RM-19233,2.06
RM-19331,231.00
RM-19342,380.00
RM-19344,380.00
RM-19508,263.11
RM-19516,230.77
RM-19536,3.69
RM-19548,175.28
RM-19550,263.80
RM-19553,0.90
RM-19559,180.00
RM-19561,0.85
RM-19583,385.00
RM-19585,380.00
RM-19591,231.00
RM-19626,211.54
RM-19669-P19-0303TPG,214.89
RM-19671-P11-0601TPG,211.39
RM-19749,231.00
RM-19781,380.04
RM-19792,12.55
RM-19793,12.37
RM-19897,"1,455.47"
RM-19987,221.78
RM-20105,0.54
RM-20113,4.12
RM-20136,159.00
RM-20210,0.94
RM-20211,0.94
RM-20212,0.94
RM-20217,390.00
RM-20235,0.31
RM-20236,1.67
RM-20251,380.00
RM-20256,380.00
RM-20258,4.24
RM-20312,380.00
RM-20313,420.00
RM-20326,0.81
RM-20327,0.92
RM-20329,1.90
RM-20823,159.00
RM-20824,174.10
RM-20826,159.00
RM-20917,157.04
RM-20921,2.07
RM-20997-P19-0303TPG,257.60
RM-21012,160.00
RM-21015,174.32
RM-21025,0.54
RM-21047,1.00
RM-21048,1.00
RM-21056,0.04
RM-21114-P19-4126TPG,260.86
RM-21127,208.00
RM-21141,247.21
RM-21145,0.04
RM-21179-P12-0000TPG,222.75
RM-21179-P12-0304TPG,224.69
RM-21179-P14-1209TPG,222.38
RM-21179-P15-1308TPG,232.69
RM-21179-P15-1315TPG,229.00
RM-21179-P16-0906TPG,239.00
RM-21179-P16-1109TPG,219.90
RM-21197-P16-1806TPG,3.79
RM-21203,0.04
RM-21236,0.04
RM-21264,264.60
RM-21291-P15-4101TPG,119.06
RM-21291-P18-0201TPG,121.00
RM-21291-P19-0203TPG,119.02
RM-21354-P19-0303TPG,160.16
RM-21362,0.25
RM-21368-P19-0303TPG,216.16
RM-21369-P19-4013TPG,215.40
RM-21369-P19-4122TPG,213.69
RM-21369-P19-4316TPG,212.19
RM-21371-P14-4202TPG,214.46
RM-21371-P15-3800TPG,209.13
RM-21371-P15-4101TPG,199.55
RM-21372-P11-0601TPG,215.71
RM-21413-P19-0303TPG,271.65
RM-21414-P19-4122TPG,264.35
RM-21430-P14-4112TPG,3.64
RM-21431,3.55
RM-21499-P19-0303TPG,195.98
RM-21516-P11-0601TPG,4.60
RM-21526,3.70
RM-21527,1.04
RM-21542,2.11
RM-21646-P15-4101TPG,212.84
RM-21648-P19-4220TPG,262.41
RM-21649-P19-4122TPG,266.53
RM-21650-P19-4126TPG,265.31
RM-21651-P19-0303TPG,276.08
RM-21678,148.04
RM-21708-P19-0303TPG,189.18
RM-21808,0.04
RM-21809,0.04
RM-21810,"1,033.20"
RM-21987,0.04
RM-21993-P11-0103TPG,200.05
RM-21993-P11-4300TPG,207.07
RM-22032,0.04
RM-22033,0.04
RM-22034,0.04
RM-22053,240.49
RM-22103,0.27
RM-22104,3.02
RM-22199,208.00
RM-22420,2.90
RM-22476-P14-3710TPG,116.20
RM-22476-P14-3812TPG,120.49
RM-22476-P15-3817TPG,118.22
RM-22476-P18-1710TPG,121.00
RM-22484,0.04
RM-22516,215.46
RM-22529-P19-0303TPG,246.79
RM-22530-P19-4122TPG,246.14
RM-22614,210.18
RM-22649-P12-4805TPG,221.00
RM-22650-P13-4308TPG,170.63
RM-22650-P14-4121TPG,106.00
RM-22651,117.00
RM-22653,0.95
RM-22660,5.58
RM-22662,263.09
RM-22708,5.59
RM-22724,156.00
RM-22769,248.22
RM-22770-P19-4122TPG,257.60
RM-22771,240.35
RM-22784,106.00
RM-22789,4.22
RM-22893-P15-2205TPG,106.00
RM-22893-P15-3802TPG,120.93
RM-22893-P16-1806TPG,116.32
RM-22893-P17-1512TPG,113.13
RM-23101,249.36
RM-23203,221.95
RM-23249-P11-0103TPG,325.00
RM-23295-P11-0601TPG,246.50
RM-23298,155.00
RM-23310,231.59
RM-23473-P19-0303TPG,246.09
RM-23475,242.41
RM-23540,3.69
RM-23546,4.09
RM-23551,106.00
RM-23569,155.00
RM-23684-P19-0303TPG,118.00
RM-23689,373.00
RM-23690-P15-4101TPG,377.44
RM-23695,372.86
RM-23743,9.45
RM-23754,230.68
RM-23755-P18-0201TPG,233.79
RM-23757,0.85
RM-23758,0.85
RM-23767,0.80
RM-23788-P19-0303TPG,250.79
RM-23798,0.92
RM-23799,1.09
RM-23802,270.00
RM-23876,208.00
RM-23920,157.14
RM-23923,201.88
RM-23949,2.88
RM-23950,2.80
RM-23985,514.38
RM-23990,0.21
RM-23991,0.21
RM-23992,0.21
RM-23993,0.21
RM-23994,0.21
RM-24004,4.44
RM-24005,4.32
RM-24016,376.49
RM-24031-P19-0303TPG,233.55
RM-24034-P18-3929TPG,234.00
RM-24034-P18-4027TPG,222.24
RM-24056,121.33
RM-24059,111.00
RM-24152-P11-0103TPG,216.13
RM-24152-P11-0606TPG,218.74
RM-24194-P19-0303TPG,280.60
RM-24216,0.85
RM-24383,3.46
RM-24388,155.00
RM-24667-P16-1707TPG,229.00
RM-24667-P17-1505 TPG,217.65
RM-24667-P17-2411 TPG,228.31
RM-24670,0.21
RM-24671,0.21
RM-24672,0.21
RM-24673,0.21
RM-24674,0.21
RM-24677,0.18
RM-24678,0.17
RM-24679,0.18
RM-24680,0.18
RM-24681,0.18
RM-24683-P19-4122TPG,283.89
RM-24758,0.04
RM-24800,0.85
RM-24855,28.37
RM-24856,28.38
RM-24862-P17-4014TPG,227.68
RM-24862-P18-0201TPG,236.67
RM-24863-P14-4202TPG,215.89
RM-24868,105.96
RM-24987,385.00
RM-24998,0.21
RM-24999,0.21
RM-25000,0.21
RM-25001,0.21
RM-25005,3.81
RM-25017,237.44
RM-25130,336.67
RM-25181,234.00
RM-25199,69.81
RM-25264,385.00
RM-25392,120.58
RM-25419,0.25
RM-25420,0.25
RM-25421,0.25
RM-25435,235.95
RM-25456,3.79
RM-25458,3.81
RM-25466,0.95
RM-25493,3.50
RM-25497,385.00
RM-25601,0.04
RM-25602,290.96
RM-25649,258.71
RM-25651-P19-1121TPG,266.20
RM-25657-P11-0103TPG,225.29
RM-25658,977.81
RM-25707,117.60
RM-25708,117.60
RM-25709,110.68
RM-25741,"1,584.00"
RM-25757-P16-1707TPG,284.20
RM-25769,257.46
RM-25770,242.73
RM-25774,1.99
RM-25775,1.99
RM-25831-P14-1911TPG,119.74
RM-25896,0.25
RM-25897,0.25
RM-25898,0.25
RM-25899,0.25
RM-25900,0.25
RM-25901,0.25
RM-25902,0.25
RM-25903,0.25
RM-25934,978.30
RM-25965,330.00
RM-25971-P19-0303TPG,265.87
RM-25988-P11-0606TPG,212.75
RM-26002,121.00
RM-26003,0.04
RM-26028,157.00
RM-26032,157.24
RM-26033,156.00
RM-26046,0.04
RM-26049,0.04
RM-26097,0.04
RM-26103-P18-3921TPG,176.00
RM-26119,395.37
RM-26125,156.53
RM-26150-P13-0905TPG,239.31
RM-26164,0.04
RM-26306-P19-0303TPG,234.00
RM-26354-P17-4021TPG,212.98
RM-26358-P19-4220TPG,263.79
RM-26435-P19-0303TPG,284.16
RM-26477-P11-0103TPG,343.00
RM-26488-P13-0905TPG,217.53
RM-26544,0.04
RM-26566-P13-0905TPG,174.98
RM-26604-P19-0303TPG,260.30
RM-26637,106.00
RM-26647-P19-0303TPG,124.71
RM-26659,122.00
RM-26682,122.00
RM-26698,122.71
RM-26839,"1,229.30"
RM-26841,"1,229.30"
RM-26849,3.66
RM-26853,214.40
RM-26881-P18-0201TPG,213.89
RM-26924-P19-0303TPG,127.90
RM-26925,113.98
RM-26948-P15-0955TPG,128.00
RM-26959-P11-0103TPG,251.61
RM-26972,382.75
RM-26976,127.88
RM-26978-P19-0203TPG,127.82
RM-27002-P13-4720TPG,233.20
RM-27014-P12-5410TPG,3.76
RM-27117,252.69
RM-27158-P13-3920TPG,191.00
RM-27158-P14-4112TPG,221.28
RM-27165-P19-4126TPG,127.84
RM-27168-P19-4220TPG,120.99
RM-27197-P19-0303TPG,312.51
RM-27199,297.46
RM-27346-P19-0303TPG,294.94
RM-27354-P19-0303 TPG,167.47
RM-27365,243.79
RM-27395,0.04
RM-27407,223.75
RM-27481,0.72
RM-27484,5.43
RM-27578-P11-0601TPG,327.79
RM-27588,168.84
RM-27654,420.00
RM-27658-P18-0201TPG,238.00
RM-27662-P19-0303TPG,248.10
RM-27665-P19-4122TPG,248.20
RM-27666-P18-0201TPG,247.73
RM-27674,167.08
RM-27704,290.48
RM-27725,242.33
RM-27728,385.00
RM-27834,235.14
RM-27835,259.84
RM-27842,1.99
RM-27843,1.99
RM-27898,0.04
RM-27903-P19-0303TPG,218.60
RM-27906,0.23
RM-27993,226.00
RM-27994-P12-0304TPG,260.31
RM-28027-P15-5706TPG,155.25
RM-28027-P17-6206TPG,155.25
RM-28166,110.16
RM-28204,231.13
RM-28206-P19-4122TPG,252.88
RM-28212,0.04
RM-28216-P19-0303TPG,1.90
RM-28231,238.06
RM-28310,209.80
RM-28379,0.04
RM-28394-P15-5706TPG,203.35
RM-28394-P15-6307TPG,215.98
RM-28394-P18-0420TPG,216.00
RM-28400-P19-4122TPG,1.86
RM-28562,1.72
RM-28563,3.71
RM-28619-P19-4013TPG,237.78
RM-28619-P19-4122TPG,234.38
RM-28651-P19-0303TPG,0.85
RM-28652-P19-4013TPG,0.85
RM-28652-P19-4122TPG,0.82
RM-28739-P14-4202TPG,0.84
RM-28739-P15-3800TPG,0.78
RM-28760-P19-1121TPG,0.86
RM-28760-P19-1216TPG,0.85
RM-28762-P11-0601TPG,0.83
RM-28763-P18-0201TPG,0.86
RM-28763-P18-5105TPG,0.86
RM-28796-P11-0103TPG,0.82
RM-28937,3.73
RM-29034-P19-0303TPG,199.36
RM-29036-P11-0103TPG,329.84
RM-29054,296.09
RM-29089-P18-0201TPG,252.60
RM-29090-P11-0601TPG,251.96
RM-29121,156.00
RM-29174,0.04
RM-29201-P17-1512TPG,9.46
RM-29209,250.40
RM-29259,0.04
RM-29264-P19-4013TPG,241.28
RM-29266,229.31
RM-29268-P19-0303TPG,240.37
RM-29270-P14-4105TPG,1.95
RM-29270-P14-4202TPG,2.00
RM-29282-P11-0601TPG,235.35
RM-29305,"1,998.00"
RM-29315-P19-0303TPG,238.35
RM-29320,2.90
RM-29374,261.00
RM-29421-P11-0103TPG,1.98
RM-29556,173.20
RM-29580,1.97
RM-29797-P18-0201TPG,1.79
RM-29808-P12-4805TPG,253.00
RM-29813,1.71
RM-29835-P15-5706TPG,2.00
RM-29835-P17-6206TPG,1.96
RM-29835-P18-0312TPG,1.98
RM-29837,313.68
RM-29883,0.25
RM-29885-P17-1518TPG,121.00
RM-29885-P17-1532TPG,106.00
RM-29955-P19-4122TPG,261.08
RM-30052-P11-0601TPG,1.71
RM-30077-P19-0303TPG,259.45
RM-30078,232.80
RM-30173,0.04
RM-30227,250.60
RM-30311-P19-0303TPG,250.04
RM-30312,227.97
RM-30351-P14-4202TPG,255.23
RM-30357,1.71
RM-30398,217.99
RM-30437-P12-0000TPG,199.60
RM-30462-P18-4432TPG,223.35
RM-30500,9.33
RM-30501-P14-4202TPG,9.46
RM-30501-P15-4101TPG,9.48
RM-30504-P11-0103TPG,238.00
RM-30506-P19-0303TPG,444.83
RM-30508-P13-4308TPG,221.29
RM-30511,9.40
RM-30521-P19-4013TPG,253.00
RM-30521-P19-4122TPG,260.31
RM-30524-P15-4101TPG,253.00
RM-30525,252.16
RM-30526,231.78
RM-30543,9.48
RM-30555,9.27
RM-30568,228.00
RM-30583-P17-4021TPG,133.99
RM-30589-P19-1121TPG,133.95
RM-30589-P19-1216TPG,133.99
RM-30611,117.60
RM-30612-P11-0601TPG,130.66
RM-30612-P11-4800TPG,118.40
RM-30618-P14-4202TPG,117.00
RM-30619-P19-4126TPG,133.10
RM-30622-P11-0103TPG,135.44
RM-30623-P14-4112TPG,120.71
RM-30623-P17-4435TPG,119.97
RM-30647,254.09
RM-30649-P17-1512TPG,2.00
RM-30650-P19-4220TPG,273.00
RM-30651-P19-0303TPG,272.86
RM-30652-P19-4122TPG,269.16
RM-30657,2.09
RM-30658,2.06
RM-30661,2.10
RM-30663,4.47
RM-30664,4.39
RM-30708-P15-5205TPG,133.97
RM-30708-P15-5706TPG,134.00
RM-30708-P16-4408TPG,120.41
RM-30708-P18-0312TPG,129.50
RM-30708-P18-5806TPG,128.57
RM-30719,9.53
RM-30732,9.29
RM-30736-P17-0619TPG,236.69
RM-30739-P11-0601TPG,273.92
RM-30746-P19-4914TPG,133.96
RM-30752,344.68
RM-30753,2.10
RM-30761,3.52
RM-30764,1.98
RM-30844,246.54
RM-30870,75.64
RM-30871,150.25
RM-30961-P19-0303TPG,288.13
RM-30962-P14-4202TPG,287.88
RM-30984,258.49
RM-31003,250.60
RM-31006-P15-4101TPG,250.60
RM-31008-P19-4122TPG,255.47
RM-31009-P19-0303TPG,258.72
RM-31010,240.00
RM-31016,1.96
RM-31017,4.06
RM-31044-P19-0303TPG,269.23
RM-31048,0.36
RM-31049,0.38
RM-31050,0.41
RM-31051,0.45
RM-31060-P11-0103TPG,346.78
RM-31089,231.00
RM-31111,0.04
RM-31135,2.35
RM-31137,2.40
RM-31141,8.66
RM-31175,177.62
RM-31183,2.10
RM-31185-P16-1806TPG,132.32
RM-31185-P17-1512TPG,126.21
RM-31185-P17-2411TPG,132.05
RM-31188-P11-0103TPG,248.65
RM-31189-P14-3911TPG,255.60
RM-31193-P19-0303TPG,257.00
RM-31196,264.13
RM-31198,239.02
RM-31226-P11-0601TPG,259.69
RM-31228,394.24
RM-31229,390.90
RM-31230,394.20
RM-31239,208.00
RM-31247,0.70
RM-31273,0.65
RM-31274,0.81
RM-31275,0.90
RM-31276,0.90
RM-31305,157.91
RM-31309-P19-0303TPG,248.93
RM-31318-P18-3932TPG,132.92
RM-31318-P18-4027TPG,134.40
RM-31320,8.93
RM-31333,117.00
RM-31350-P14-1909TPG,152.11
RM-31355,5.49
RM-31359,5.49
RM-31361,300.21
RM-31362-P19-0303TPG,300.60
RM-31363-P18-0201TPG,300.51
RM-31368-P19-4122TPG,266.00
RM-31373-P11-0103TPG,133.73
RM-31373-P11-0606TPG,134.00
RM-31374-P11-1408TPG,134.00
RM-31484,208.00
RM-31513-P11-0103TPG,275.48
RM-31522-P19-4013TPG,9.24
RM-31522-P19-4122TPG,9.17
RM-31523-P19-0303TPG,8.76
RM-31524-P11-0601TPG,8.83
RM-31525-P14-4202TPG,9.21
RM-31525-P15-3800TPG,8.99
RM-31526,9.07
RM-31530,201.00
RM-31534,0.04
RM-31535-P17-4021TPG,9.24
RM-31550,9.53
RM-31551,262.98
RM-31552-P19-0303 TPG,269.64
RM-31553,263.14
RM-31588,352.82
RM-31617-P11-0601TPG,268.80
RM-31618-P19-0303TPG,268.88
RM-31619,241.00
RM-31653,214.70
RM-31658-P19-4122TPG,266.65
RM-31666-P18-0312TPG,8.99
RM-31783,9.53
RM-31788-P19-0303TPG,265.63
RM-31789,243.99
RM-31790,193.12
RM-31791,233.80
RM-31792,385.00
RM-31795,2.00
RM-31825,118.44
RM-31830,0.86
RM-31856,208.00
RM-31857,0.25
RM-31937,10.75
RM-31938,10.75
RM-31942,10.75
RM-31944,10.75
RM-31953,3.74
RM-31955-P15-4101TPG,244.61
RM-31958,246.85
RM-31963-P18-4027TPG,257.60
RM-31985-P12-1206TPG,133.97
RM-31986,0.04
RM-31987-P16-4706TPG,227.07
RM-31997-P19-4013TPG,234.74
RM-31997-P19-4122TPG,235.98
RM-31999-P19-0303TPG,235.79
RM-32008-P14-3710TPG,133.98
RM-32010,3.70
RM-32012,3.71
RM-32061,3.81
RM-32130,9.10
RM-32144-P19-0203TPG,277.00
RM-32163-P11-0601TPG,272.56
RM-32164-P19-0303TPG,275.83
RM-32165,246.00
RM-32189,1.71
RM-32202,9.18
RM-32222,106.00
RM-32238-P18-0201TPG,173.19
RM-32241,199.27
RM-32262,3.69
RM-32304-P15-5706TPG,240.67
RM-32312,117.00
RM-32313,200.00
RM-32325-P11-0103TPG,375.98
RM-32335-P11-0601TPG,357.07
RM-32343-P19-4122TPG,252.64
RM-32345-P11-0601TPG,264.00
RM-32347-P19-0303TPG,229.18
RM-32348-P18-0201TPG,243.72
RM-32349,247.90
RM-32349-P14-4202TPG,240.78
RM-32352,581.98
RM-32353,587.00
RM-32400,114.67
RM-32401-P19-4013TPG,2.00
RM-32403,385.00
RM-32404,257.00
RM-32409-P19-0303TPG,326.03
RM-32410-P15-5205TPG,134.00
RM-32410-P15-5706TPG,128.48
RM-32410-P19-0309TPG,134.00
RM-32411,4.50
RM-32416,299.84
RM-32472,121.39
RM-32473-P15-5812TPG,111.78
RM-32479,1.81
RM-32482-P19-4122TPG,362.25
RM-32533,1.71
RM-32550,0.04
RM-32555,283.00
RM-32556,0.04
RM-32569,208.00
RM-32578,234.85
RM-32611-P12-4609TPG,200.00
RM-32612-P12-4609TPG,117.00
RM-32619,0.52
RM-32625,1.10
RM-32658,0.45
RM-32660,0.45
RM-32674,339.92
RM-32675,377.76
RM-32735-P14-1208TPG,121.00
RM-32745,9.49
RM-32756-P18-0201TPG,234.48
RM-32756-P19-0203TPG,232.00
RM-32757-P18-0312TPG,237.49
RM-32815-P18-1663TPG,246.00
RM-32833-P19-0303TPG,5.65
RM-32834-P16-4400TPG,5.64
RM-32842-P14-4202TPG,5.67
RM-32843-P18-4039TPG,5.69
RM-32843-P18-4432TPG,5.61
RM-32859-P19-4122TPG,281.96
RM-32862-P14-4202TPG,273.88
RM-32863-P13-1105TPG,240.77
RM-32863-P15-1308TPG,239.40
RM-32863-P16-1317TPG,237.16
RM-32864,225.66
RM-32865-P11-0103TPG,234.51
RM-32866-P18-4510TPG,133.86
RM-32868-P18-4510TPG,252.78
RM-32875,228.00
RM-32973,9.13
RM-32999-P18-4027TPG,5.70
RM-33007-P11-0601TPG,3.73
RM-33008-P19-0303TPG,3.78
RM-33009-P16-4400TPG,3.75
RM-33013-P19-4914TPG,174.13
RM-33038-P19-0303TPG,251.85
RM-33039,241.76
RM-33068,316.43
RM-33069,316.43
RM-33070,316.43
RM-33072,316.43
RM-33074,316.43
RM-33075,316.43
RM-33076,316.43
RM-33078,316.43
RM-33080-P19-4013TPG,5.19
RM-33092-P11-0601TPG,5.63
RM-33093-P18-0201TPG,5.65
RM-33137,12.87
RM-33146-P11-0601TPG,313.48
RM-33148,8.00
RM-33151-L4,105.64
RM-33151-L5,105.59
RM-33151-L6,105.00
RM-33151-L7,105.62
RM-33151-L8,105.00
RM-33152-L4,105.00
RM-33152-L5,105.00
RM-33152-L6,105.00
RM-33152-L7,105.00
RM-33152-L8,105.00
RM-33157-P19-4013TPG,3.80
RM-33230,5.71
RM-33231-P19-4026TPG,117.01
RM-33233-L4,105.00
RM-33233-L5,105.00
RM-33233-L6,108.80
RM-33233-L7,105.55
RM-33233-L8,105.00
RM-33234-L4,105.00
RM-33234-L5,105.00
RM-33234-L6,108.37
RM-33234-L7,105.00
RM-33234-L8,105.00
RM-33248,209.53
RM-33249,0.00
RM-33283,280.95
RM-33295,5.69
RM-33302,130.60
RM-33324-P19-1121TPG,238.31
RM-33334-P18-1660TPG,5.71
RM-33397-P14-1909TPG,236.11
RM-33408,133.87
RM-33461-P13-3007TPG,249.00
RM-33512,2.20
RM-33538,9.29
RM-33539,9.23
RM-33575,7.81
RM-33576,7.81
RM-33577,7.80
RM-33578,7.75
RM-33586-P11-0601TPG,234.00
RM-33589-P18-3932TPG,120.88
RM-33599-P19-4013TPG,133.04
RM-33604-P17-3834TPG,3.66
RM-33605-P12-0643TPG,3.46
RM-33606,3.58
RM-33620-P14-3907TPG,237.23
RM-33636-P19-4122TPG,251.01
RM-33637-P16-5106TPG,232.00
RM-33638-P12-5201TPG,244.85
RM-33640-P16-1333TPG,240.43
RM-33647-P11-0601TPG,247.22
RM-33652-P12-5201TPG,0.23
RM-33667-P19-4122TPG,243.28
RM-33669-P11-0601TPG,261.11
RM-33670-P19-4122TPG,291.86
RM-33682-P19-4126TPG,5.63
RM-33690-P13-0905TPG,5.43
RM-33691-P14-4202TPG,3.72
RM-33693-P13-0758TPG,5.55
RM-33694-P16-1362TPG,5.54
RM-33694-P16-1364TPG,5.54
RM-33712-P19-1121TPG,5.71
RM-33713-P14-1209TPG,224.24
RM-33721-P11-0103TPG,261.15
RM-33724-P14-4202TPG,241.35
RM-33726-P19-4122TPG,3.80
RM-33727-P18-5105TPG,3.71
RM-33729-P19-1652TPG,133.07
RM-33730-P16-3920TPG,160.00
RM-33733-P19-0303TPG,235.65
RM-33734-P18-0201TPG,231.15
RM-33735-P14-1209TPG,7.99
RM-33738-P19-1121TPG,132.64
RM-33741-P14-1209TPG,235.44
RM-33741-P15-1308TPG,236.75
RM-33749,379.28
RM-33751-P11-0601TPG,265.00
RM-33752-P18-1250TPG,220.84
RM-33757,1.12
RM-33767-P14-1323TPG,235.10
RM-33772-P11-0601TPG,2.50
RM-33775-P11-0606TPG,3.69
RM-33776-P18-0201TPG,3.80
RM-40363-P19-0303 TPG,253.85
RM-40364-P11-0601TPG,253.97
RM-40384,208.00
RM-40398-P19-4126TPG,133.24
RM-40399,208.00
RM-40400,208.00
RM-40401,390.00
RM-40402,383.08
RM-40435,208.00
RM-40436,208.00
RM-40438,208.00
RM-40457,157.50
RM-40474,3.75
RM-40490,3.55
RM-40506,254.00
RM-40524,1.20
RM-40526,0.45
RM-40537-P19-0303TPG,158.94
RM-40551-P14-4202TPG,262.39
RM-40553-P19-1930TPG,105.00
RM-40554-P17-5937TPG,105.00
RM-40555-P19-1218TPG,105.00
RM-40557-P18-0201TPG,133.10
THD0005,0.04
THD0013,0.04
VM-ANNIE-02-L4,67.02
VM-ANNIE-02-L5,67.02
VM-ANNIE-02-L6,67.02
VM-ANNIE-02-L7,67.02
VM-ANNIE-02-L8,67.02
VM-CHOPPER-01-G10,70.07
VM-CHOPPER-01-G6,70.07
VM-CHOPPER-01-G7,70.07
VM-CHOPPER-01-G8,70.07
VM-CHOPPER-01-G9,70.07
VM-CHOPPER-02-G10,77.67
VM-CHOPPER-02-G6,77.67
VM-CHOPPER-02-G7,77.67
VM-CHOPPER-02-G8,77.67
VM-CHOPPER-02-G9,77.67
VM-CHOPPER-03-G10,77.44
VM-CHOPPER-03-G6,77.44
VM-CHOPPER-03-G7,77.44
VM-CHOPPER-03-G8,77.44
VM-CHOPPER-03-G9,77.44
VM-CHOPPER-05-G10,77.16
VM-CHOPPER-05-G6,77.16
VM-CHOPPER-05-G7,77.16
VM-CHOPPER-05-G8,77.16
VM-CHOPPER-05-G9,77.16
VM-DIVIDE-01-G10,69.80
VM-DIVIDE-01-G6,69.80
VM-DIVIDE-01-G7,69.80
VM-DIVIDE-01-G8,69.80
VM-DIVIDE-01-G9,69.80
VM-DIVIDE-02-G10,69.15
VM-DIVIDE-02-G6,69.15
VM-DIVIDE-02-G7,69.15
VM-DIVIDE-02-G8,69.15
VM-DIVIDE-02-G9,69.15
VM-DIVIDE-03-G10,70.00
VM-DIVIDE-03-G6,70.00
VM-DIVIDE-03-G7,70.00
VM-DIVIDE-03-G8,70.00
VM-DIVIDE-03-G9,70.00
VM-DIVIDE-04-G10,67.96
VM-DIVIDE-04-G6,67.96
VM-DIVIDE-04-G7,67.96
VM-DIVIDE-04-G8,67.96
VM-DIVIDE-04-G9,67.96
VM-GLOAM-02-G10,68.04
VM-GLOAM-02-G6,68.04
VM-GLOAM-02-G7,68.04
VM-GLOAM-02-G8,68.04
VM-GLOAM-02-G9,68.04
VM-GLOAM-03-G10,74.99
VM-GLOAM-03-G6,74.99
VM-GLOAM-03-G7,74.99
VM-GLOAM-03-G8,74.99
VM-GLOAM-03-G9,74.99
VM-GLOAM-04-G10,74.96
VM-GLOAM-04-G6,74.96
VM-GLOAM-04-G7,74.96
VM-GLOAM-04-G8,74.96
VM-GLOAM-04-G9,74.96
VM-GRETTA-02-G10,71.10
VM-GRETTA-02-G6,71.10
VM-GRETTA-02-G7,71.10
VM-GRETTA-02-G8,71.10
VM-GRETTA-02-G9,71.10
VM-GRETTA-03-G10,78.10
VM-GRETTA-03-G6,78.10
VM-GRETTA-03-G7,78.10
VM-GRETTA-03-G8,78.10
VM-GRETTA-03-G9,78.10
VM-GRETTA-05-G10,71.38
VM-GRETTA-05-G6,71.38
VM-GRETTA-05-G7,71.38
VM-GRETTA-05-G8,71.38
VM-GRETTA-05-G9,71.38
VM-HASLEY-01-C2,53.85
VM-HASLEY-01-C3,53.85
VM-HASLEY-01-C4,53.85
VM-HASLEY-01-C5,53.85
VM-HASLEY-02-C2,53.31
VM-HASLEY-02-C3,53.31
VM-HASLEY-02-C4,53.31
VM-HASLEY-02-C5,53.31
VM-HASLEY-04-C2,54.01
VM-HASLEY-04-C3,54.01
VM-HASLEY-04-C4,54.01
VM-HASLEY-04-C5,54.01
VM-HEDGE-01-G10,80.03
VM-HEDGE-01-G6,80.03
VM-HEDGE-01-G7,80.03
VM-HEDGE-01-G8,80.03
VM-HEDGE-01-G9,80.03
VM-HEDGE-03-G10,80.36
VM-HEDGE-03-G6,80.36
VM-HEDGE-03-G7,80.36
VM-HEDGE-03-G8,80.36
VM-HEDGE-03-G9,80.36
VM-IMAGINE-01-G10,93.57
VM-IMAGINE-01-G11,108.15
VM-IMAGINE-01-G12,108.15
VM-IMAGINE-01-G6,93.57
VM-IMAGINE-01-G7,93.57
VM-IMAGINE-01-G8,93.57
VM-IMAGINE-01-G9,93.57
VM-IMAGINE-02-G10,94.10
VM-IMAGINE-02-G11,108.76
VM-IMAGINE-02-G12,108.76
VM-IMAGINE-02-G6,94.10
VM-IMAGINE-02-G7,94.10
VM-IMAGINE-02-G8,94.10
VM-IMAGINE-02-G9,94.10
VM-IMAGINE-03-G10,88.32
VM-IMAGINE-03-G11,114.17
VM-IMAGINE-03-G12,114.17
VM-IMAGINE-03-G6,88.32
VM-IMAGINE-03-G7,88.32
VM-IMAGINE-03-G8,88.32
VM-IMAGINE-03-G9,88.32
VM-IMAGINE-04-G10,97.07
VM-IMAGINE-04-G11,112.27
VM-IMAGINE-04-G12,112.27
VM-IMAGINE-04-G6,97.07
VM-IMAGINE-04-G7,97.07
VM-IMAGINE-04-G8,97.07
VM-IMAGINE-04-G9,97.07
VM-JAS03-01-G10,60.59
VM-JAS03-01-G6,60.59
VM-JAS03-01-G7,60.59
VM-JAS03-01-G8,60.59
VM-JAS03-01-G9,60.59
VM-JAS03-02-G10,57.73
VM-JAS03-02-G6,57.73
VM-JAS03-02-G7,57.73
VM-JAS03-02-G8,57.73
VM-JAS03-02-G9,57.73
VM-JAS03-04-G10,60.90
VM-JAS03-04-G6,60.90
VM-JAS03-04-G7,60.90
VM-JAS03-04-G8,60.90
VM-JAS03-04-G9,60.90
VM-JFM-2469-01-G10,61.56
VM-JFM-2469-01-G11,83.92
VM-JFM-2469-01-G12,83.92
VM-JFM-2469-01-G6,61.56
VM-JFM-2469-01-G7,61.56
VM-JFM-2469-01-G8,61.56
VM-JFM-2469-01-G9,61.56
VM-JFM-2469-03-G10,61.75
VM-JFM-2469-03-G11,84.17
VM-JFM-2469-03-G12,84.17
VM-JFM-2469-03-G6,61.75
VM-JFM-2469-03-G7,61.75
VM-JFM-2469-03-G8,61.75
VM-JFM-2469-03-G9,61.75
VM-JFM-2469-04-G10,60.95
VM-JFM-2469-04-G11,83.07
VM-JFM-2469-04-G12,83.07
VM-JFM-2469-04-G6,60.95
VM-JFM-2469-04-G7,60.95
VM-JFM-2469-04-G8,60.95
VM-JFM-2469-04-G9,60.95
VM-JFM-2469-10-G10,56.54
VM-JFM-2469-10-G6,56.54
VM-JFM-2469-10-G7,56.54
VM-JFM-2469-10-G8,56.54
VM-JFM-2469-10-G9,56.54
VM-LEGIT-01-G10,100.35
VM-LEGIT-01-G6,100.35
VM-LEGIT-01-G7,100.35
VM-LEGIT-01-G8,100.35
VM-LEGIT-01-G9,100.35
VM-LEGIT-02-G10,95.77
VM-LEGIT-02-G6,95.77
VM-LEGIT-02-G7,95.77
VM-LEGIT-02-G8,95.77
VM-LEGIT-02-G9,95.77
VM-LEGIT-03-G10,93.43
VM-LEGIT-03-G6,93.43
VM-LEGIT-03-G7,93.43
VM-LEGIT-03-G8,93.43
VM-LEGIT-03-G9,93.43
VM-MIKE-01-G10,72.83
VM-MIKE-01-G6,72.83
VM-MIKE-01-G7,72.83
VM-MIKE-01-G8,72.83
VM-MIKE-01-G9,72.83
VM-MIKE-02-G10,72.07
VM-MIKE-02-G6,72.07
VM-MIKE-02-G7,72.07
VM-MIKE-02-G8,72.07
VM-MIKE-02-G9,72.07
VM-MIKE-03-G10,72.84
VM-MIKE-03-G6,72.84
VM-MIKE-03-G7,72.84
VM-MIKE-03-G8,72.84
VM-MIKE-03-G9,72.84
VM-MIKE-04-G10,67.74
VM-MIKE-04-G6,67.74
VM-MIKE-04-G7,67.74
VM-MIKE-04-G8,67.74
VM-MIKE-04-G9,67.74
VM-MIKE-05-G10,72.65
VM-MIKE-05-G6,72.65
VM-MIKE-05-G7,72.65
VM-MIKE-05-G8,72.65
VM-MIKE-05-G9,72.65
VM-NEW-06-01-G10,70.77
VM-NEW-06-01-G11,96.12
VM-NEW-06-01-G12,96.12
VM-NEW-06-01-G13,96.12
VM-NEW-06-01-G14,96.12
VM-NEW-06-01-G6,70.77
VM-NEW-06-01-G7,70.77
VM-NEW-06-01-G8,70.77
VM-NEW-06-01-G9,70.77
VM-NEW-06-03-G10,71.04
VM-NEW-06-03-G11,96.42
VM-NEW-06-03-G12,96.42
VM-NEW-06-03-G13,96.42
VM-NEW-06-03-G14,96.42
VM-NEW-06-03-G6,71.04
VM-NEW-06-03-G7,71.04
VM-NEW-06-03-G8,71.04
VM-NEW-06-03-G9,71.04
VM-NEW-06-04-G10,70.83
VM-NEW-06-04-G11,96.19
VM-NEW-06-04-G12,96.19
VM-NEW-06-04-G13,96.19
VM-NEW-06-04-G14,96.19
VM-NEW-06-04-G6,70.83
VM-NEW-06-04-G7,70.83
VM-NEW-06-04-G8,70.83
VM-NEW-06-04-G9,70.83
VM-NEW-06-05-G10,69.91
VM-NEW-06-05-G6,69.91
VM-NEW-06-05-G7,69.91
VM-NEW-06-05-G8,69.91
VM-NEW-06-05-G9,69.91
VM-NORTH-01-G10,58.35
VM-NORTH-01-G11,76.99
VM-NORTH-01-G12,76.99
VM-NORTH-01-G6,58.35
VM-NORTH-01-G7,58.35
VM-NORTH-01-G8,58.35
VM-NORTH-01-G9,58.35
VM-NORTH-02-G10,59.09
VM-NORTH-02-G11,77.83
VM-NORTH-02-G12,77.83
VM-NORTH-02-G6,59.09
VM-NORTH-02-G7,59.09
VM-NORTH-02-G8,59.09
VM-NORTH-02-G9,59.09
VM-PILOT MAX-01-G10,84.67
VM-PILOT MAX-01-G6,84.67
VM-PILOT MAX-01-G7,84.67
VM-PILOT MAX-01-G8,84.67
VM-PILOT MAX-01-G9,84.67
VM-PILOT MAX-02-G10,83.86
VM-PILOT MAX-02-G6,83.86
VM-PILOT MAX-02-G7,83.86
VM-PILOT MAX-02-G8,83.86
VM-PILOT MAX-02-G9,83.86
VM-PILOT MAX-03-G10,84.85
VM-PILOT MAX-03-G6,84.85
VM-PILOT MAX-03-G7,84.85
VM-PILOT MAX-03-G8,84.85
VM-PILOT MAX-03-G9,84.85
VM-PREXTON-06-G10,62.24
VM-PREXTON-06-G6,62.24
VM-PREXTON-06-G7,62.24
VM-PREXTON-06-G8,62.24
VM-PREXTON-06-G9,62.24
VM-PREXTON-10-G10,62.23
VM-PREXTON-10-G6,62.23
VM-PREXTON-10-G7,62.23
VM-PREXTON-10-G8,62.23
VM-PREXTON-10-G9,62.23
VM-VAYU-01-G10,80.80
VM-VAYU-01-G6,80.80
VM-VAYU-01-G7,80.80
VM-VAYU-01-G8,80.80
VM-VAYU-01-G9,80.80
VM-VAYU-03-G10,80.51
VM-VAYU-03-G6,80.51
VM-VAYU-03-G7,80.51
VM-VAYU-03-G8,80.51
VM-VAYU-03-G9,80.51
VM-VAYU-06-G10,80.80
VM-VAYU-06-G6,80.80
VM-VAYU-06-G7,80.80
VM-VAYU-06-G8,80.80
VM-VAYU-06-G9,80.80
VM-VIBGYOR-08-G10,61.25
VM-VIBGYOR-08-G6,61.25
VM-VIBGYOR-08-G7,61.25
VM-VIBGYOR-08-G8,61.25
VM-VIBGYOR-08-G9,61.25
YAN0005-P19-1216TPG,212.48
YAN0014-P11-0103TPG,161.96
YAN0019-P19-4013TPG,213.30
YAN0020-P17-1532TPG,217.00
,
,
,
,
,
,
,
,
,
,
,
,
,
,
,
,
,
,
,
,
,
,
,
,
,
,
,
,
,
,
,
,
,
,
,
,
,
,
,
,
,
,
,
,
,
,
,
,
,
,
,
,
,
,
,
,
,
,
,
,
,
,
,
,
,
,
,
,
,
,
,
,
,
,
,
,
,
,
,
,
,
,
,
,
,
,
,
,
,
,
,
,
,
,
,
,
,
,
,
,
,
,
,
,
,
,
,
,
,
,
,
,
,
,
,
,
,
,
,
,
,
,
,
,
,
,
,
,
,
,
,
,
,
,
,
,
,
,
,
,
,
,
,
,
,
,
,
,
,
,
,
,
,
,
,
,
,
,
,
,
,
,
,
,
,
,
,
,
,
,
,
,
,
,
,
,
,
,
,
,
,
,
,
,
,
,
,
,
,
,
,
,
,
,
,
,
,
,
,
,
,
,
,
,
,
,
,
,
,
,
,
,
,
,
,
,
,
,
,
,
,
,
,
,
,
,
,
,
,
,
,
,
,
,
,
,
,
,
,
,
,
,
,
,
,
,
,
,
,
,
,
,
,
,
,
,
,
,
,
,
,
,
,
,
,
,
,
,
,
,
,
,
,
,
,
,
,
,
,
,
,
,
,
,
,
,
,
,
,
,
,
,
,
,
,
,
,
,
,
,
,
,
,
,
,
,
,
,
,
,
,
,
,
,
,
,
,
,
,
,
,
,
,
,
,
,
,
,
,
,
,
,
,
,
,
,
,
,
,
,
,
,
,
,
,
,
,
,
,
,
,
,
,
,
,
,
,
,
,
,
,
,
,
,
,
,
,
,
,
,
,
,
,
,
,
,
,
,
,
,
,
,
,
,
,
,
,
,
,
,
,
,
,
,
,
,
,
,
,
,
,
,
,
,
,
,
,
,
,
,
,
,
,
,
,
,
,
,
,
,
,
,
,
,
,
,
,
,
,
,
,
,
,
,
,
,
,
,
,
,
,
,
,
,
,
,
,
,
,
,
,
,
,
,
,
,
,
,
,
,
,
,
,
,
,
,
,
,
,
,
,
,
,
,
,
,
,
,
,
,
,
,
,
,
,
,
,
,
,
,
,
,
,
,
,
,
,
,
,
,
,
,
,
,
,
,
,
,
,
,
,
,
,
,
,
,
,
,
,
,
,
,
,
,
,
,
,
,
,
,
,
,
,
,
,
,
,
,
,
,
,
,
,
,
,
,
,
,
,
,
,
,
,
,
,
,
,
,
,
,
,
,
,
,
,
,
,
,
,
,
,
,
,
,
,
,
,
,
,
,
,
,
,
,
,
,
,
,
,
,
,
,
,
,
,
,
,
,
,
,
,
,
,
,
,
,
,
,
,
,
,
,
,
,
,
,
,
,
,
,
,
,
,
,
,
,
,
,
,
,
,
,
,
,
,
,
,
,
,
,
,
,
,
,
,
,
,
,
,
,
,
,
,
,
,
,
,
,
,
,
,
,
,
,
,
,
,
,
,
,
,
,
,
,
,
,
,
,
,
,
,
,
,
,
,
,
,
,
,
,
,
,
,
,
,
,
,
,
,
,
,
,
,
,
,
,
,
,
,
,
,
,
,
,
,
,
,
,
,
,
,
,
,
,
,
,
,
,
,
,
,
,
,
,
,
,
,
,
,
,
,
,
,
,
,
,
,
,
,
,
,
,
,
,
,
,
,
,
,
,
,
,
,
,
,
,
,
,
,
,
,
,
,
,
,
,
,
,
,
,
,
,
,
,
,
,
,
,
,
,
,
,
,
,
,
,
,
,
,
,
,
,
,
,
,
,
,
,
,
,
,
,
,
,
,
,
,
,
,
,
,
,
,
,
,
,
,
,
,
,
,
,
,
,
,
,
,
,
,
,
,
,
,
,
,
,
,
,
,
,
,
,
,
,
,
,
,
,
,
,
,
,
,
,
,
,
,
,
,
,
,
,
,
,
,
,
,
,
,
,
,
,
,
,
,
,
,
,
,
,
,
,
,
,
,
,
,
,
,
,
,
,
,
,
,
,
,
,
,
,
,
,
,
,
,
,
,
,
,
,
,
,
,
,
,
,
,
,
,
,
,
,
,
,
,
,
,
,
,
,
,
,
,
,
,
,
,
,
,
,
,
,
,
,
,
,
,
,
,
,
,
,
,
,
,
,
,
,
,
,
,
,
,
,
,
,
,
,
,
,
,
,
,
,
,
,
,
,
,
,
,
,
,
,
,
,
,
,
,
,
,
,
,
,
,
,
,
,
,
,
,
,
,
,
,
,
,
,
,
,
,
,
,
,
,
,
,
,
,
,
,
,
,
,
,
,
,
,
,
,
,
,
,
,
,
,
,
,
,
,
,
,
,
,
,
,
,
,
,
,
,
,
,
,
,
,
,
,
,
,
,
,
,
,
,
,
,
,
,
,
,
,
,
,
,
,
,
,
,
,
,
,
,
,
,
,
,
,
,
,
,
,
,
,
,
,
,
,
,
,
,
,
,
,
,
,
,
,
,
,
,
,
,
,
,
,
,
,
,
,
,
,
,
,
,
,
,
,
,
,
,
,
,
,
,
,
,
,
,
,
,
,
,
,
,
,
,
,
,
,
,
,
,
,
,
,
,
,
,
,
,
,
,
,
,
,
,
,
,
,
,
,
,
,
,
,
,
,
,
,
,
,
,
,
,
,
,
,
,
,
,
,
,
,
,
,
,
,
,
,
,
,
,
,
,
,
,
,
,
,
,
,
,
,
,
,
,
,
,
,
,
,
,
,
,
,
,
,
,
,
,
,
,
,
,
,
,
,
,
,
,
,
,
,
,
,
,
,
,
,
,
,
,
,
,
,
,
,
,
,
,
,
,
,
,
,
,
,
,
,
,
,
,
,
,
,
,
,
,
,
,
,
,
,
,
,
,
,
,
,
,
,
,
,
,
,
,
,
,
,
,
,
,
,
,
,
,
,
,
,
,
,
,
,
,
,
,
,
,
,
,
,
,
,
,
,
,
,
,
,
,
,
,
,
,
,
,
,
,
,
,
,
,
,
,
,
,
,
,
,
,
,
,
,
,
,
,
,
,
,
,
,
,
,
,
,
,
,
,
,
,
,
,
,
,
,
,
,
,
,
,
,
,
,
,
,
,
,
,
,
,
,
,
,
,
,
,
,
,
,
,
,
,
,
,
,
,
,
,
,
,
,
,
,
,
,
,
,
,
,
,
,
,
,
,
,
,
,
,
,
,
,
,
,
,
,
,
,
,
,
,
,
,
,
,
,
,
,
,
,
,
,
,
,
,
,
,
,
,
,
,
,
,
,
,
,
,
,
,
,
,
,
,
,
,
,
,
,
,
,
,
,
,
,
,
,
,
,
,
,
,
,
,
,
,
,
,
,
,
,
,
,
,
,
,
,
,
,
,
,
,
,
,
,
,
,
,
,
,
,
,
,
,
,
,
,
,
,
,
,
,
,
,
,
,
,
,
,
,
,
,
,
,
,
,
,
,
,
,
,
,
,
,
,
,
,
,
,
,
,
,
,
,
,
,
,
,
,
,
,
,
,
,
,
,
,
,
,
,
,
,
,
,
,
,
,
,
,
,
,
,
,
,
,
,
,
,
,
,
,
,
,
,
,
,
,
,
,
,
,
,
,
,
,
,
,
,
,
,
,
,
,
,
,
,
,
,
,
,
,
,
,
,
,
,
,
,
,
,
,
,
,
,
,
,
,
,
,
,
,
,
,
,
,
,
,
,
,
,
,
,
,
,
,
,
,
,
,
,
,
,
,
,
,
,
,
,
,
,
,
,
,
,
,
,
,
,
,
,
,
,
,
,
,
,
,
,
,
,
,
,
,
,
,
,
,
,
,
,
,
,
,
,
,
,
,
,
,
,
,
,
,
,
,
,
,
,
,
,
,
,
,
,
,
,
,
,
,
,
,
,
,
,
,
,
,
,
,
,
,
,
,
,
,
,
,
,
,
,
,
,
,
,
,
,
,
,
,
,
,
,
,
,
,
,
,
,
,
,
,
,
,
,
,
,
,
,
,
,
,
,
,
,
,
,
,
,
,
,
,
,
,
,
,
,
,
,
,
,
,
,
,
,
,
,
,
,
,
,
,
,
,
,
,
,
,
,
,
,
,
,
,
,
,
,
,
,
,
,
,
,
,
,
,
,
,
,
,
,
,
,
,
,
,
,
,
,
,
,
,
,
,
,
,
,
,
,
,
,
,
,
,
,
,
,
,
,
,
,
,
,
,
,
,
,
,
,
,
,
,
,
,
,
,
,
,
,
,
,
,
,
,
,
,
,
,
,
,
,
,
,
,
,
,
,
,
,
,
,
,
,
,
,
,
,
,
,
,
,
,
,
,
,
,
,
,
,
,
,
,
,
,
,
,
,
,
,
,
,
,
,
,
,
,
,
,
,
,
,
,
,
,
,
,
,
,
,
,
,
,
,
,
,
,
,
,
,
,
,
,
,
,
,
,
,
,
,
,
,
,
,
,
,
,
,
,
,
,
,
,
,
,
,
,
,
,
,
,
,
,
,
,
,
,
,
,
,
,
,
,
,
,
,
,
,
,
,
,
,
,
,
,
,
,
,
,
,
,
,
,
,
,
,
,
,
,
,
,
,
,
,
,
,
,
,
,
,
,
,
,
,
,
,
,
,
,
,
,
,
,
,
,
,
,
,
,
,
,
,
,
,
,
,
,
,
,
,
,
,
,
,
,
,
,
,
,
,
,
,
,
,
,
,
,
,
,
,
,
,
,
,
,
,
,
,
,
,
,
,
,
,
,
,
,
,
,
,
,
,
,
,
,
,
,
,
,
,
,
,
,
,
,
,
,
,
,
,
,
,
,
,
,
,
,
,
,
,
,
,
,
,
,
,
,
,
,
,
,
,
,
,
,
,
,
,
,
,
,
,
,
,
,
,
,
,
,
,
,
,
,
,
,
,
,
,
,
,
,
,
,
,
,
,
,
,
,
,
,
,
,
,
,
,
,
,
,
,
,
,
,
,
,
,
,
,
,
,
,
,
,
,
,
,
,
,
,
,
,
,
,
,
,
,
,
,
,
,
,
,
,
,
,
,
,
,
,
,
,
,
,
,
,
,
,
,
,
,
,
,
,
,
,
,
,
,
,
,
,
,
,
,
,
,
,
,
,
,
,
,
,
,
,
,
,
,
,
,
,
,
,
,
,
,
,
,
,
,
,
,
,
,
,
,
,
,
,
,
,
,
,
,
,
,
,
,
,
,
,
,
,
,
,
,
,
,
,
,
,
,
,
,
,
,
,
,
,
,
,
,
,
,
,
,
,
,
,
,
,
,
,
,
,
,
,
,
,
,
,
,
,
,
,
,
,
,
,
,
,
,
,
,
,
,
,
,
,
,
,
,
,
,
,
,
,
,
,
,
,
,
,
,
,
,
,
,
,
,
,
,
,
,
,
,
,
,
,
,
,
,
,
,
,
,
,
,
,
,
,
,
,
,
,
,
,
,
,
,
,
,
,
,
,
,
,
,
,
,
,
,
,
,
,
,
,
,
,
,
,
,
,
,
,
,
,
,
,
,
,
,
,
,
,
,
,
,
,
,
,
,
,
,
,
,
,
,
,
,
,
,
,
,
,
,
,
,
,
,
,
,
,
,
,
,
,
,
,
,
,
,
,
,
,
,
,
,
,
,
,
,
,
,
,
,
,
,
,
,
,
,
,
,
,
,
,
,
,
,
,
,
,
,
,
,
,
,
,
,
,
,
,
,
,
,
,
,
,
,
,
,
,
,
,
,
,
,
,
,
,
,
,
,
,
,
,
,
,
,
,
,
,
,
,
,
,
,
,
,
,
,
,
,
,
,
,
,
,
,
,
,
,
,
,
,
,
,
,
,
,
,
,
,
,
,
,
,
,
,
,
,
,
,
,
,
,
,
,
,
,
,
,
,
,
,
,
,
,
,
,
,
,
,
,
,
,
,
,
,
,
,
,
,
,
,
,
,
,
,
,
,
,
,
,
,
,
,
,
,
,
,
,
,
,
,
,
,
,
,
,
,
,
,
,
,
,
,
,
,
,
,
,
,
,
,
,
,
,
,
,
,
,
,
,
,
,
,
,
,
,
,
,
,
,
,
,
,
,
,
,
,
,
,
,
,
,
,
,
,
,
,
,
,
,
,
,
,
,
,
,
,
,
,
,
,
,
,
,
,
,
,
,
,
,
,
,
,
,
,
,
,
,
,
,
,
,
,
,
,
,
,
,
,
,
,
,
,
,
,
,
,
,
,
,
,
,
,
,
,
,
,
,
,
,
,
,
,
,
,
,
,
,
,
,
,
,
,
,
,
,
,
,
,
,
,
,
,
,
,
,
,
,
,
,
,
,
,
,
,
,
,
,
,
,
,
,
,
,
,
,
,
,
,
,
,
,
,
,
,
,
,
,
,
,
,
,
,
,
,
,
,
,
,
,
,
,
,
,
,
,
,
,
,
,
,
,
,
,
,
,
,
,
,
,
,
,
,
,
,
,
,
,
,
,
,
,
,
,
,
,
,
,
,
,
,
,
,
,
,
,
,
,
,
,
,
,
,
,
,
,
,
,
,
,
,
,
,
,
,
,
,
,
,
,
,
,
,
,
,
,
,
,
,
,
,
,
,
,
,
,
,
,
,
,
,
,
,
,
,
,
,
,
,
,
,
,
,
,
,
,
,
,
,
,
,
,
,
,
,
,
,
,
,
,
,
,
,
,
,
,
,
,
,
,
,
,
,
,
,
,
,
,
,
,
,
,
,
,
,
,
,
,
,
,
,
,
,
,
,
,
,
,
,
,
,
,
,
,
,
,
,
,
,
,
,
,
,
,
,
,
,
,
,
,
,
,
,
,
,
,
,
,
,
,
,
,
,
,
,
,
,
,
,
,
,
,
,
,
,
,
,
,
,
,
,
,
,
,
,
,
,
,
,
,
,
,
,
,
,
,
,
,
,
,
,
,
,
,
,
,
,
,
,
,
,
,
,
,
,
,
,
,
,
,
,
,
,
,
,
,
,
,
,
,
,
,
,
,
,
,
,
,
,
,
,
,
,
,
,
,
,
,
,
,
,
,
,
,
,
,
,
,
,
,
,
,
,
,
,
,
,
,
,
,
,
,
,
,
,
,
,
,
,
,
,
,
,
,
,
,
,
,
,
,
,
,
,
,
,
,
,
,
,
,
,
,
,
,
,
,
,
,
,
,
,
,
,
,
,
,
,
,
,
,
,
,
,
,
,
,
,
,
,
,
,
,
,
,
,
,
,
,
,
,
,
,
,
,
,
,
,
,
,
,
,
,
,
,
,
,
,
,
,
,
,
,
,
,
,
,
,
,
,
,
,
,
,
,
,
,
,
,
,
,
,
,
,
,
,
,
,
,
,
,
,
,
,
,
,
,
,
,
,
,
,
,
,
,
,
,
,
,
,
,
,
,
,
,
,
,
,
,
,
,
,
,
,
,
,
,
,
,
,
,
,
,
,
,
,
,
,
,
,
,
,
,
,
,
,
,
,
,
,
,
,
,
,
,
,
,
,
,
,
,
,
,
,
,
,
,
,
,
,
,
,
,
,
,
,
,
,
,
,
,
,
,
,
,
,
,
,
,
,
,
,
,
,
,
,
,
,
,
,
,
,
,
,
,
,
,
,
,
,
,
,
,
,
,
,
,
,
,
,
,
,
,
,
,
,
,
,
,
,
,
,
,
,
,
,
,
,
,
,
,
,
,
,
,
,
,
,
,
,
,
,
,
,
,
,
,
,
,
,
,
,
,
,
,
,
,
,
,
,
,
,
,
,
,
,
,
,
,
,
,
,
,
,
,
,
,
,
,
,
,
,
,
,
,
,
,
,
,
,
,
,
,
,
,
,
,
,
,
,
,
,
,
,
,
,
,
,
,
,
,
,
,
,
,
,
,
,
,
,
,
,
,
,
,
,
,
,
,
,
,
,
,
,
,
,
,
,
,
,
,
,
,
,
,
,
,
,
,
,
,
,
,
,
,
,
,
,
,
,
,
,
,
,
,
,
,
,
,
,
,
,
,
,
,
,
,
,
,
,
,
,
,
,
,
,
,
,
,
,
,
,
,
,
,
,
,
,
,
,
,
,
,
,
,
,
,
,
,
,
,
,
,
,
,
,
,
,
,
,
,
,
,
,
,
,
,
,
,
,
,
,
,
,
,
,
,
,
,
,
,
,
,
,
,
,
,
,
,
,
,
,
,
,
,
,
,
,
,
,
,
,
,
,
,
,
,
,
,
,
,
,
,
,
,
,
,
,
,
,
,
,
,
,
,
,
,
,
,
,
,
,
,
,
,
,
,
,
,
,
,
,
,
,
,
,
,
,
,
,
,
,
,
,
,
,
,
,
,
,
,
,
,
,
,
,
,
,
,
,
,
,
,
,
,
,
,
,
,
,
,
,
,
,
,
,
,
,
,
,
,
,
,
,
,
,
,
,
,
,
,
,
,
,
,
,
,
,
,
,
,
,
,
,
,
,
,
,
,
,
,
,
,
,
,
,
,
,
,
,
,
,
,
,
,
,
,
,
,
,
,
,
,
,
,
,
,
,
,
,
,
,
,
,
,
,
,
,
,
,
,
,
,
,
,
,
,
,
,
,
,
,
,
,
,
,
,
,
,
,
,
,
,
,
,
,
,
,
,
,
,
,
,
,
,
,
,
,
,
,
,
,
,
,
,
,
,
,
,
,
,
,
,
,
,
,
,
,
,
,
,
,
,
,
,
,
,
,
,
,
,
,
,
,
,
,
,
,
,
,
,
,
,
,
,
,
,
,
,
,
,
,
,
,
,
,
,
,
,
,
,
,
,
,
,
,
,
,
,
,
,
,
,
,
,
,
,
,
,
,
,
,
,
,
,
,
,
,
,
,
,
,
,
,
,
,
,
,
,
,
,
,
,
,
,
,
,
,
,
,
,
,
,
,
,
,
,
,
,
,
,
,
,
,
,
,
,
,
,
,
,
,
,
,
,
,
,
,
,
,
,
,
,
,
,
,
,
,
,
,
,
,
,
,
,
,
,
,
,
,
,
,
,
,
,
,
,
,
,
,
,
,
,
,
,
,
,
,
,
,
,
,
,
,
,
,
,
,
,
,
,
,
,
,
,
,
,
,
,
,
,
,
,
,
,
,
,
,
,
,
,
,
,
,
,
,
,
,
,
,
,
,
,
,
,
,
,
,
,
,
,
,
,
,
,
,
,
,
,
,
,
,
,
,
,
,
,
,
,
,
,
,
,
,
,
,
,
,
,
,
,
,
,
,
,
,
,
,
,
,
,
,
,
,
,
,
,
,
,
,
,
,
,
,
,
,
,
,
,
,
,
,
,
,
,
,
,
,
,
,
,
,
,
,
,
,
,
,
,
,
,
,
,
,
,
,
,
,
,
,
,
,
,
,
,
,
,
,
,
,
,
,
,
,
,
,
,
,
,
,
,
,
,
,
,
,
,
,
,
,
,
,
,
,
,
,
,
,
,
,
,
,
,
,
,
,
,
,
,
,
,
,
,
,
,
,
,
,
,
,
,
,
,
,
,
,
,
,
,
,
,
,
,
,
,
,
,
,
,
,
,
,
,
,
,
,
,
,
,
,
,
,
,
,
,
,
,
,
,
,
,
,
,
,
,
,
,
,
,
,
,
,
,
,
,
,
,
,
,
,
,
,
,
,
,
,
,
,
,
,
,
,
,
,
,
,
,
,
,
,
,
,
,
,
,
,
,
,
,
,
,
,
,
,
,
,
,
,
,
,
,
,
,
,
,
,
,
,
,
,
,
,
,
,
,
,
,
,
,
,
,
,
,
,
,
,
,
,
,
,
,
,
,
,
,
,
,
,
,
,
,
,
,
,
,
,
,
,
,
,
,
,
,
,
,
,
,
,
,
,
,
,
,
,
,
,
,
,
,
,
,
,
,
,
,
,
,
,
,
,
,
,
,
,
,
,
,
,
,
,
,
,
,
,
,
,
,
,
,
,
,
,
,
,
,
,
,
,
,
,
,
,
,
,
,
,
,
,
,
,
,
,
,
,
,
,
,
,
,
,
,
,
,
,
,
,
,
,
,
,
,
,
,
,
,
,
,
,
,
,
,
,
,
,
,
,
,
,
,
,
,
,
,
,
,
,
,
,
,
,
,
,
,
,
,
,
,
,
,
,
,
,
,
,
,
,
,
,
,
,
,
,
,
,
,
,
,
,
,
,
,
,
,
,
,
,
,
,
,
,
,
,
,
,
,
,
,
,
,
,
,
,
,
,
,
,
,
,
,
,
,
,
,
,
,
,
,
,
,
,
,
,
,
,
,
,
,
,
,
,
,
,
,
,
,
,
,
,
,
,
,
,
,
,
,
,
,
,
,
,
,
,
,
,
,
,
,
,
,
,
,
,
,
,
,
,
,
,
,
,
,
,
,
,
,
,
,
,
,
,
,
,
,
,
,
,
,
,
,
,
,
,
,
,
,
,
,
,
,
,
,
,
,
,
,
,
,
,
,
,
,
,
,
,
,
,
,
,
,
,
,
,
,
,
,
,
,
,
,
,
,
,
,
,
,
,
,
,
,
,
,
,
,
,
,
,
,
,
,
,
,
,
,
,
,
,
,
,
,
,
,
,
,
,
,
,
,
,
,
,
,
,
,
,
,
,
,
,
,
,
,
,
,
,
,
,
,
,
,
,
,
,
,
,
,
,
,
,
,
,
,
,
,
,
,
,
,
,
,
,
,
,
,
,
,
,
,
,
,
,
,
,
,
,
,
,
,
,
,
,
,
,
,
,
,
,
,
,
,
,
,
,
,
,
,
,
,
,
,
,
,
,
,
,
,
,
,
,
,
,
,
,
,
,
,
,
,
,
,
,
,
,
,
,
,
,
,
,
,
,
,
,
,
,
,
,
,
,
,
,
,
,
,
,
,
,
,
,
,
,
,
,
,
,
,
,
,
,
,
,
,
,
,
,
,
,
,
,
,
,
,
,
,
,
,
,
,
,
,
,
,
,
,
,
,
,
,
,
,
,
,
,
,
,
,
,
,
,
,
,
,
,
,
,
,
,
,
,
,
,
,
,
,
,
,
,
,
,
,
,
,
,
,
,
,
,
,
,
,
,
,
,
,
,
,
,
,
,
,
,
,
,
,
,
,
,
,
,
,
,
,
,
,
,
,
,
,
,
,
,
,
,
,
,
,
,
,
,
,
,
,
,
,
,
,
,
,
,
,
,
,
,
,
,
,
,
,
,
,
,
,
,
,
,
,
,
,
,
,
,
,
,
,
,
,
,
,
,
,
,
,
,
,
,
,
,
,
,
,
,
,
,
,
,
,
,
,
,
,
,
,
,
,
,
,
,
,
,
,
,
,
,
,
,
,
,
,
,
,
,
,
,
,
,
,
,
,
,
,
,
,
,
,
,
,
,
,
,
,
,
,
,
,
,
,
,
,
,
,
,
,
,
,
,
,
,
,
,
,
,
,
,
,
,
,
,
,
,
,
,
,
,
,
,
,
,
,
,
,
,
,
,
,
,
,
,
,
,
,
,
,
,
,
,
,
,
,
,
,
,
,
,
,
,
,
,
,
,
,
,
,
,
,
,
,
,
,
,
,
,
,
,
,
,
,
,
,
,
,
,
,
,
,
,
,
,
,
,
,
,
,
,
,
,
,
,
,
,
,
,
,
,
,
,
,
,
,
,
,
,
,
,
,
,
,
,
,
,
,
,
,
,
,
,
,
,
,
,
,
,
,
,
,
,
,
,
,
,
,
,
,
,
,
,
,
,
,
,
,
,
,
,
,
,
,
,
,
,
,
,
,
,
,
,
,
,
,
,
,
,
,
,
,
,
,
,
,
,
,
,
,
,
,
,
,
,
,
,
,
,
,
,
,
,
,
,
,
,
,
,
,
,
,
,
,
,
,
,
,
,
,
,
,
,
,
,
,
,
,
,
,
,
,
,
,
,
,
,
,
,
,
,
,
,
,
,
,
,
,
,
,
,
,
,
,
,
,
,
,
,
,
,
,
,
,
,
,
,
,
,
,
,
,
,
,
,
,
,
,
,
,
,
,
,
,
,
,
,
,
,
,
,
,
,
,
,
,
,
,
,
,
,
,
,
,
,
,
,
,
,
,
,
,
,
,
,
,
,
,
,
,
,
,
,
,
,
,
,
,
,
,
,
,
,
,
,
,
,
,
,
,
,
,
,
,
,
,
,
,
,
,
,
,
,
,
,
,
,
,
,
,
,
,
,
,
,
,
,
,
,
,
,
,
,
,
,
,
,
,
,
,
,
,
,
,
,
,
,
,
,
,
,
,
,
,
,
,
,
,
,
,
,
,
,
,
,
,
,
,
,
,
,
,
,
,
,
,
,
,
,
,
,
,
,
,
,
,
,
,
,
,
,
,
,
,
,
,
,
,
,
,
,
,
,
,
,
,
,
,
,
,
,
,
,
,
,
,
,
,
,
,
,
,
,
,
,
,
,
,
,
,
,
,
,
,
,
,
,
,
,
,
,
,
,
,
,
,
,
,
,
,
,
,
,
,
,
,
,
,
,
,
,
,
,
,
,
,
,
,
,
,
,
,
,
,
,
,
,
,
,
,
,
,
,
,
,
,
,
,
,
,
,
,
,
,
,
,
,
,
,
,
,
,
,
,
,
,
,
,
,
,
,
,
,
,
,
,
,
,
,
,
,
,
,
,
,
,
,
,
,
,
,
,
,
,
,
,
,
,
,
,
,
,
,
,
,
,
,
,
,
,
,
,
,
,
,
,
,
,
,
,
,
,
,
,
,
,
,
,
,
,
,
,
,
,
,
,
,
,
,
,
,
,
,
,
,
,
,
,
,
,
,
,
,
,
,
,
,
,
,
,
,
,
,
,
,
,
,
,
,
,
,
,
,
,
,
,
,
,
,
,
,
,
,
,
,
,
,
,
,
,
,
,
,
,
,
,
,
,
,
,
,
,
,
,
,
,
,
,
,
,
,
,
,
,
,
,
,
,
,
,
,
,
,
,
,
,
,
,
,
,
,
,
,
,
,
,
,
,
,
,
,
,
,
,
,
,
,
,
,
,
,
,
,
,
,
,
,
,
,
,
,
,
,
,
,
,
,
,
,
,
,
,
,
,
,
,
,
,
,
,
,
,
,
,
,
,
,
,
,
,
,
,
,
,
,
,
,
,
,
,
,
,
,
,
,
,
,
,
,
,
,
,
,
,
,
,
,
,
,
,
,
,
,
,
,
,
,
,
,
,
,
,
,
,
,
,
,
,
,
,
,
,
,
,
,
,
,
,
,
,
,
,
,
,
,
,
,
,
,
,
,
,
,
,
,
,
,
,
,
,
,
,
,
,
,
,
,
,
,
,
,
,
,
,
,
,
,
,
,
,
,
,
,
,
,
,
,
,
,
,
,
,
,
,
,
,
,
,
,
,
,
,
,
,
,
,
,
,
,
,
,
,
,
,
,
,
,
,
,
,
,
,
,
,
,
,
,
,
,
,
,
,
,
,
,
,
,
,
,
,
,
,
,
,
,
,
,
,
,
,
,
,
,
,
,
,
,
,
,
,
,
,
,
,
,
,
,
,
,
,
,
,
,
,
,
,
,
,
,
,
,
,
,
,
,
,
,
,
,
,
,
,
,
,
,
,
,
,
,
,
,
,
,
,
,
,
,
,
,
,
,
,
,
,
,
,
,
,
,
,
,
,
,
,
,
,
,
,
,
,
,
,
,
,
,
,
,
,
,
,
,
,
,
,
,
,
,
,
,
,
,
,
,
,
,
,
,
,
,
,
,
,
,
,
,
,
,
,
,
,
,
,
,
,
,
,
,
,
,
,
,
,
,
,
,
,
,
,
,
,
,
,
,
,
,
,
,
,
,
,
,
,
,
,
,
,
,
,
,
,
,
,
,
,
,
,
,
,
,
,
,
,
,
,
,
,
,
,
,
,
,
,
,
,
,
,
,
,
,
,
,
,
,
,
,
,
,
,
,
,
,
,
,
,
,
,
,
,
,
,
,
,
,
,
,
,
,
,
,
,
,
,
,
,
,
,
,
,
,
,
,
,
,
,
,
,
,
,
,
,
,
,
,
,
,
,
,
,
,
,
,
,
,
,
,
,
,
,
,
,
,
,
,
,
,
,
,
,
,
,
,
,
,
,
,
,
,
,
,
,
,
,
,
,
,
,
,
,
,
,
,
,
,
,
,
,
,
,
,
,
,
,
,
,
,
,
,
,
,
,
,
,
,
,
,
,
,
,
,
,
,
,
,
,
,
,
,
,
,
,
,
,
,
,
,
,
,
,
,
,
,
,
,
,
,
,
,
,
,
,
,
,
,
,
,
,
,
,
,
,
,
,
,
,
,
,
,
,
,
,
,
,
,
,
,
,
,
,
,
,
,
,
,
,
,
,
,
,
,
,
,
,
,
,
,
,
,
,
,
,
,
,
,
,
,
,
,
,
,
,
,
,
,
,
,
,
,
,
,
,
,
,
,
,
,
,
,
,
,
,
,
,
,
,
,
,
,
,
,
,
,
,
,
,
,
,
,
,
,
,
,
,
,
,
,
,
,
,
,
,
,
,
,
,
,
,
,
,
,
,
,
,
,
,
,
,
,
,
,
,
,
,
,
,
,
,
,
,
,
,
,
,
,
,
,
,
,
,
,
,
,
,
,
,
,
,
,
,
,
,
,
,
,
,
,
,
,
,
,
,
,
,
,
,
,
,
,
,
,
,
,
,
,
,
,
,
,
,
,
,
,
,
,
,
,
,
,
,
,
,
,
,
,
,
,
,
,
,
,
,
,
,
,
,
,
,
,
,
,
,
,
,
,
,
,
,
,
,
,
,
,
,
,
,
,
,
,
,
,
,
,
,
,
,
,
,
,
,
,
,
,
,
,
,
,
,
,
,
,
,
,
,
,
,
,
,
,
,
,
,
,
,
,
,
,
,
,
,
,
,
,
,
,
,
,
,
,
,
,
,
,
,
,
,
,
,
,
,
,
,
,
,
,
,
,
,
,
,
,
,
,
,
,
,
,
,
,
,
,
,
,
,
,
,
,
,
,
,
,
,
,
,
,
,
,
,
,
,
,
,
,
,
,
,
,
,
,
,
,
,
,
,
,
,
,
,
,
,
,
,
,
,
,
,
,
,
,
,
,
,
,
,
,
,
,
,
,
,
,
,
,
,
,
,
,
,
,
,
,
,
,
,
,
,
,
,
,
,
,
,
,
,
,
,
,
,
,
,
,
,
,
,
,
,
,
,
,
,
,
,
,
,
,
,
,
,
,
,
,
,
,
,
,
,
,
,
,
,
,
,
,
,
,
,
,
,
,
,
,
,
,
,
,
,
,
,
,
,
,
,
,
,
,
,
,
,
,
,
,
,
,
,
,
,
,
,
,
,
,
,
,
,
,
,
,
,
,
,
,
,
,
,
,
,
,
,
,
,
,
,
,
,
,
,
,
,
,
,
,
,
,
,
,
,
,
,
,
,
,
,
,
,
,
,
,
,
,
,
,
,
,
,
,
,
,
,
,
,
,
,
,
,
,
,
,
,
,
,
,
,
,
,
,
,
,
,
,
,
,
,
,
,
,
,
,
,
,
,
,
,
,
,
,
,
,
,
,
,
,
,
,
,
,
,
,
,
,
,
,
,
,
,
,
,
,
,
,
,
,
,
,
,
,
,
,
,
,
,
,
,
,
,
,
,
,
,
,
,
,
,
,
,
,
,
,
,
,
,
,
,
,
,
,
,
,
,
,
,
,
,
,
,
,
,
,
,
,
,
,
,
,
,
,
,
,
,
,
,
,
,
,
,
,
,
,
,
,
,
,
,
,
,
,
,
,
,
,
,
,
,
,
,
,
,
,
,
,
,
,
,
,
,
,
,
,
,
,
,
,
,
,
,
,
,
,
,
,
,
,
,
,
,
,
,
,
,
,
,
,
,
,
,
,
,
,
,
,
,
,
,
,
,
,
,
,
,
,
,
,
,
,
,
,
,
,
,
,
,
,
,
,
,
,
,
,
,
,
,
,
,
,
,
,
,
,
,
,
,
,
,
,
,
,
,
,
,
,
,
,
,
,
,
,
,
,
,
,
,
,
,
,
,
,
,
,
,
,
,
,
,
,
,
,
,
,
,
,
,
,
,
,
,
,
,
,
,
,
,
,
,
,
,
,
,
,
,
,
,
,
,
,
,
,
,
,
,
,
,
,
,
,
,
,
,
,
,
,
,
,
,
,
,
,
,
,
,
,
,
,
,
,
,
,
,
,
,
,
,
,
,
,
,
,
,
,
,
,
,
,
,
,
,
,
,
,
,
,
,
,
,
,
,
,
,
,
,
,
,
,
,
,
,
,
,
,
,
,
,
,
,
,
,
,
,
,
,
,
,
,
,
,
,
,
,
,
,
,
,
,
,
,
,
,
,
,
,
,
,
,
,
,
,
,
,
,
,
,
,
,
,
,
,
,
,
,
,
,
,
,
,
,
,
,
,
,
,
,
,
,
,
,
,
,
,
,
,
,
,
,
,
,
,
,
,
,
,
,
,
,
,
,
,
,
,
,
,
,
,
,
,
,
,
,
,
,
,
,
,
,
,
,
,
,
,
,
,
,
,
,
,
,
,
,
,
,
,
,
,
,
,
,
,
,
,
,
,
,
,
,
,
,
,
,
,
,
,
,
,
,
,
,
,
,
,
,
,
,
,
,
,
,
,
,
,
,
,
,
,
,
,
,
,
,
,
,
,
,
,
,
,
,
,
,
,
,
,
,
,
,
,
,
,
,
,
,
,
,
,
,
,
,
,
,
,
,
,
,
,
,
,
,
,
,
,
,
,
,
,
,
,
,
,
,
,
,
,
,
,
,
,
,
,
,
,
,
,
,
,
,
,
,
,
,
,
,
,
,
,
,
,
,
,
,
,
,
,
,
,
,
,
,
,
,
,
,
,
,
,
,
,
,
,
,
,
,
,
,
,
,
,
,
,
,
,
,
,
,
,
,
,
,
,
,
,
,
,
,
,
,
,
,
,
,
,
,
,
,
,
,
,
,
,
,
,
,
,
,
,
,
,
,
,
,
,
,
,
,
,
,
,
,
,
,
,
,
,
,
,
,
,
,
,
,
,
,
,
,
,
,
,
,
,
,
,
,
,
,
,
,
,
,
,
,
,
,
,
,
,
,
,
,
,
,
,
,
,
,
,
,
,
,
,
,
,
,
,
,
,
,
,
,
,
,
,
,
,
,
,
,
,
,
,
,
,
,
,
,
,
,
,
,
,
,
,
,
,
,
,
,
,
,
,
,
,
,
,
,
,
,
,
,
,
,
,
,
,
,
,
,
,
,
,
,
,
,
,
,
,
,
,
,
,
,
,
,
,
,
,
,
,
,
,
,
,
,
,
,
,
,
,
,
,
,
,
,
,
,
,
,
,
,
,
,
,
,
,
,
,
,
,
,
,
,
,
,
,
,
,
,
,
,
,
,
,
,
,
,
,
,
,
,
,
,
,
,
,
,
,
,
,
,
,
,
,
,
,
,
,
,
,
,
,
,
,
,
,
,
,
,
,
,
,
,
,
,
,
,
,
,
,
,
,
,
,
,
,
,
,
,
,
,
,
,
,
,
,
,
,
,
,
,
,
,
,
,
,
,
,
,
,
,
,
,
,
,
,
,
,
,
,
,
,
,
,
,
,
,
,
,
,
,
,
,
,
,
,
,
,
,
,
,
,
,
,
,
,
,
,
,
,
,
,
,
,
,
,
,
,
,
,
,
,
,
,
,
,
,
,
,
,
,
,
,
,
,
,
,
,
,
,
,
,
,
,
,
,
,
,
,
,
,
,
,
,
,
,
,
,
,
,
,
,
,
,
,
,
,
,
,
,
,
,
,
,
,
,
,
,
,
,
,
,
,
,
,
,
,
,
,
,
,
,
,
,
,
,
,
,
,
,
,
,
,
,
,
,
,
,
,
,
,
,
,
,
,
,
,
,
,
,
,
,
,
,
,
,
,
,
,
,
,
,
,
,
,
,
,
,
,
,
,
,
,
,
,
,
,
,
,
,
,
,
,
,
,
,
,
,
,
,
,
,
,
,
,
,
,
,
,
,
,
,
,
,
,
,
,
,
,
,
,
,
,
,
,
,
,
,
,
,
,
,
,
,
,
,
,
,
,
,
,
,
,
,
,
,
,
,
,
,
,
,
,
,
,
,
,
,
,
,
,
,
,
,
,
,
,
,
,
,
,
,
,
,
,
,
,
,
,
,
,
,
,
,
,
,
,
,
,
,
,
,
,
,
,
,
,
,
,
,
,
,
,
,
,
,
,
,
,
,
,
,
,
,
,
,
,
,
,
,
,
,
,
,
,
,
,
,
,
,
,
,
,
,
,
,
,
,
,
,
,
,
,
,
,
,
,
,
,
,
,
,
,
,
,
,
,
,
,
,
,
,
,
,
,
,
,
,
,
,
,
,
,
,
,
,
,
,
,
,
,
,
,
,
,
,
,
,
,
,
,
,
,
,
,
,
,
,
,
,
,
,
,
,
,
,
,
,
,
,
,
,
,
,
,
,
,
,
,
,
,
,
,
,
,
,
,
,
,
,
,
,
,
,
,
,
,
,
,
,
,
,
,
,
,
,
,
,
,
,
,
,
,
,
,
,
,
,
,
,
,
,
,
,
,
,
,
,
,
,
,
,
,
,
,
,
,
,
,
,
,
,
,
,
,
,
,
,
,
,
,
,
,
,
,
,
,
,
,
,
,
,
,
,
,
,
,
,
,
,
,
,
,
,
,
,
,
,
,
,
,
,
,
,
,
,
,
,
,
,
,
,
,
,
,
,
,
,
,
,
,
,
,
,
,
,
,
,
,
,
,
,
,
,
,
,
,
,
,
,
,
,
,
,
,
,
,
,
,
,
,
,
,
,
,
,
,
,
,
,
,
,
,
,
,
,
,
,
,
,
,
,
,
,
,
,
,
,
,
,
,
,
,
,
,
,
,
,
,
,
,
,
,
,
,
,
,
,
,
,
,
,
,
,
,
,
,
,
,
,
,
,
,
,
,
,
,
,
,
,
,
,
,
,
,
,
,
,
,
,
,
,
,
,
,
,
,
,
,
,
,
,
,
,
,
,
,
,
,
,
,
,
,
,
,
,
,
,
,
,
,
,
,
,
,
,
,
,
,
,
,
,
,
,
,
,
,
,
,
,
,
,
,
,
,
,
,
,
,
,
,
,
,
,
,
,
,
,
,
,
,
,
,
,
,
,
,
,
,
,
,
,
,
,
,
,
,
,
,
,
,
,
,
,
,
,
,
,
,
,
,
,
,
,
,
,
,
,
,
,
,
,
,
,
,
,
,
,
,
,
,
,
,
,
,
,
,
,
,
,
,
,
,
,
,
,
,
,
,
,
,
,
,
,
,
,
,
,
,
,
,
,
,
,
,
,
,
,
,
,
,
,
,
,
,
,
,
,
,
,
,
,
,
,
,
,
,
,
,
,
,
,
,
,
,
,
,
,
,
,
,
,
,
,
,
,
,
,
,
,
,
,
,
,
,
,
,
,
,
,
,
,
,
,
,
,
,
,
,
,
,
,
,
,
,
,
,
,
,
,
,
,
,
,
,
,
,
,
,
,
,
,
,
,
,
,
,
,
,
,
,
,
,
,
,
,
,
,
,
,
,
,
,
,
,
,
,
,
,
,
,
,
,
,
,
,
,
,
,
,
,
,
,
,
,
,
,
,
,
,
,
,
,
,
,
,
,
,
,
,
,
,
,
,
,
,
,
,
,
,
,
,
,
,
,
,
,
,
,
,
,
,
,
,
,
,
,
,
,
,
,
,
,
,
,
,
,
,
,
,
,
,
,
,
,
,
,
,
,
,
,
,
,
,
,
,
,
,
,
,
,
,
,
,
,
,
,
,
,
,
,
,
,
,
,
,
,
,
,
,
,
,
,
,
,
,
,
,
,
,
,
,
,
,
,
,
,
,
,
,
,
,
,
,
,
,
,
,
,
,
,
,
,
,
,
,
,
,
,
,
,
,
,
,
,
,
,
,
,
,
,
,
,
,
,
,
,
,
,
,
,
,
,
,
,
,
,
,
,
,
,
,
,
,
,
,
,
,
,
,
,
,
,
,
,
,
,
,
,
,
,
,
,
,
,
,
,
,
,
,
,
,
,
,
,
,
,
,
,
,
,
,
,
,
,
,
,
,
,
,
,
,
,
,
,
,
,
,
,
,
,
,
,
,
,
,
,
,
,
,
,
,
,
,
,
,
,
,
,
,
,
,
,
,
,
,
,
,
,
,
,
,
,
,
,
,
,
,
,
,
,
,
,
,
,
,
,
,
,
,
,
,
,
,
,
,
,
,
,
,
,
,
,
,
,
,
,
,
,
,
,
,
,
,
,
,
,
,
,
,
,
,
,
,
,
,
,
,
,
,
,
,
,
,
,
,
,
,
,
,
,
,
,
,
,
,
,
,
,
,
,
,
,
,
,
,
,
,
,
,
,
,
,
,
,
,
,
,
,
,
,
,
,
,
,
,
,
,
,
,
,
,
,
,
,
,
,
,
,
,
,
,
,
,
,
,
,
,
,
,
,
,
,
,
,
,
,
,
,
,
,
,
,
,
,
,
,
,
,
,
,
,
,
,
,
,
,
,
,
,
,
,
,
,
,
,
,
,
,
,
,
,
,
,
,
,
,
,
,
,
,
,
,
,
,
,
,
,
,
,
,
,
,
,
,
,
,
,
,
,
,
,
,
,
,
,
,
,
,
,
,
,
,
,
,
,
,
,
,
,
,
,
,
,
,
,
,
,
,
,
,
,
,
,
,
,
,
,
,
,
,
,
,
,
,
,
,
,
,
,
,
,
,
,
,
,
,
,
,
,
,
,
,
,
,
,
,
,
,
,
,
,
,
,
,
,
,
,
,
,
,
,
,
,
,
,
,
,
,
,
,
,
,
,
,
,
,
,
,
,
,
,
,
,
,
,
,
,
,
,
,
,
,
,
,
,
,
,
,
,
,
,
,
,
,
,
,
,
,
,
,
,
,
,
,
,
,
,
,
,
,
,
,
,
,
,
,
,
,
,
,
,
,
,
,
,
,
,
,
,
,
,
,
,
,
,
,
,
,
,
,
,
,
,
,
,
,
,
,
,
,
,
,
,
,
,
,
,
,
,
,
,
,
,
,
,
,
,
,
,
,
,
,
,
,
,
,
,
,
,
,
,
,
,
,
,
,
,
,
,
,
,
,
,
,
,
,
,
,
,
,
,
,
,
,
,
,
,
,
,
,
,
,
,
,
,
,
,
,
,
,
,
,
,
,
,
,
,
,
,
,
,
,
,
,
,
,
,
,
,
,
,
,
,
,
,
,
,
,
,
,
,
,
,
,
,
,
,
,
,
,
,
,
,
,
,
,
,
,
,
,
,
,
,
,
,
,
,
,
,
,
,
,
,
,
,
,
,
,
,
,
,
,
,
,
,
,
,
,
,
,
,
,
,
,
,
,
,
,
,
,
,
,
,
,
,
,
,
,
,
,
,
,
,
,
,
,
,
,
,
,
,
,
,
,
,
,
,
,
,
,
,
,
,
,
,
,
,
,
,
,
,
,
,
,
,
,
,
,
,
,
,
,
,
,
,
,
,
,
,
,
,
,
,
,
,
,
,
,
,
,
,
,
,
,
,
,
,
,
,
,
,
,
,
,
,
,
,
,
,
,
,
,
,
,
,
,
,
,
,
,
,
,
,
,
,
,
,
,
,
,
,
,
,
,
,
,
,
,
,
,
,
,
,
,
,
,
,
,
,
,
,
,
,
,
,
,
,
,
,
,
,
,
,
,
,
,
,
,
,
,
,
,
,
,
,
,
,
,
,
,
,
,
,
,
,
,
,
,
,
,
,
,
,
,
,
,
,
,
,
,
,
,
,
,
,
,
,
,
,
,
,
,
,
,
,
,
,
,
,
,
,
,
,
,
,
,
,
,
,
,
,
,
,
,
,
,
,
,
,
,
,
,
,
,
,
,
,
,
,
,
,
,
,
,
,
,
,
,
,
,
,
,
,
,
,
,
,
,
,
,
,
,
,
,
,
,
,
,
,
,
,
,
,
,
,
,
,
,
,
,
,
,
,
,
,
,
,
,
,
,
,
,
,
,
,
,
,
,
,
,
,
,
,
,
,
,
,
,
,
,
,
,
,
,
,
,
,
,
,
,
,
,
,
,
,
,
,
,
,
,
,
,
,
,
,
,
,
,
,
,
,
,
,
,
,
,
,
,
,
,
,
,
,
,
,
,
,
,
,
,
,
,
,
,
,
,
,
,
,
,
,
,
,
,
,
,
,
,
,
,
,
,
,
,
,
,
,
,
,
,
,
,
,
,
,
,
,
,
,
,
,
,
,
,
,
,
,
,
,
,
,
,
,
,
,
,
,
,
,
,
,
,
,
,
,
,
,
,
,
,
,
,
,
,
,
,
,
,
,
,
,
,
,
,
,
,
,
,
,
,
,
,
,
,
,
,
,
,
,
,
,
,
,
,
,
,
,
,
,
,
,
,
,
,
,
,
,
,
,
,
,
,
,
,
,
,
,
,
,
,
,
,
,
,
,
,
,
,
,
,
,
,
,
,
,
,
,
,
,
,
,
,
,
,
,
,
,
,
,
,
,
,
,
,
,
,
,
,
,
,
,
,
,
,
,
,
,
,
,
,
,
,
,
,
,
,
,
,
,
,
,
,
,
,
,
,
,
,
,
,
,
,
,
,
,
,
,
,
,
,
,
,
,
,
,
,
,
,
,
,
,
,
,
,
,
,
,
,
,
,
,
,
,
,
,
,
,
,
,
,
,
,
,
,
,
,
,
,
,
,
,
,
,
,
,
,
,
,
,
,
,
,
,
,
,
,
,
,
,
,
,
,
,
,
,
,
,
,
,
,
,
,
,
,
,
,
,
,
,
,
,
,
,
,
,
,
,
,
,
,
,
,
,
,
,
,
,
,
,
,
,
,
,
,
,
,
,
,
,
,
,
,
,
,
,
,
,
,
,
,
,
,
,
,
,
,
,
,
,
,
,
,
,
,
,
,
,
,
,
,
,
,
,
,
,
,
,
,
,
,
,
,
,
,
,
,
,
,
,
,
,
,
,
,
,
,
,
,
,
,
,
,
,
,
,
,
,
,
,
,
,
,
,
,
,
,
,
,
,
,
,
,
,
,
,
,
,
,
,
,
,
,
,
,
,
,
,
,
,
,
,
,
,
,
,
,
,
,
,
,
,
,
,
,
,
,
,
,
,
,
,
,
,
,
,
,
,
,
,
,
,
,
,
,
,
,
,
,
,
,
,
,
,
,
,
,
,
,
,
,
,
,
,
,
,
,
,
,
,
,
,
,
,
,
,
,
,
,
,
,
,
,
,
,
,
,
,
,
,
,
,
,
,
,
,
,
,
,
,
,
,
,
,
,
,
,
,
,
,
,
,
,
,
,
,
,
,
,
,
,
,
,
,
,
,
,
,
,
,
,
,
,
,
,
,
,
,
,
,
,
,
,
,
,
,
,
,
,
,
,
,
,
,
,
,
,
,
,
,
,
,
,
,
,
,
,
,
,
,
,
,
,
,
,
,
,
,
,
,
,
,
,
,
,
,
,
,
,
,
,
,
,
,
,
,
,
,
,
,
,
,
,
,
,
,
,
,
,
,
,
,
,
,
,
,
,
,
,
,
,
,
,
,
,
,
,
,
,
,
,
,
,
,
,
,
,
,
,
,
,
,
,
,
,
,
,
,
,
,
,
,
,
,
,
,
,
,
,
,
,
,
,
,
,
,
,
,
,
,
,
,
,
,
,
,
,
,
,
,
,
,
,
,
,
,
,
,
,
,
,
,
,
,
,
,
,
,
,
,
,
,
,
,
,
,
,
,
,
,
,
,
,
,
,
,
,
,
,
,
,
,
,
,
,
,
,
,
,
,
,
,
,
,
,
,
,
,
,
,
,
,
,
,
,
,
,
,
,
,
,
,
,
,
,
,
,
,
,
,
,
,
,
,
,
,
,
,
,
,
,
,
,
,
,
,
,
,
,
,
,
,
,
,
,
,
,
,
,
,
,
,
,
,
,
,
,
,
,
,
,
,
,
,
,
,
,
,
,
,
,
,
,
,
,
,
,
,
,
,
,
,
,
,
,
,
,
,
,
,
,
,
,
,
,
,
,
,
,
,
,
,
,
,
,
,
,
,
,
,
,
,
,
,
,
,
,
,
,
,
,
,
,
,
,
,
,
,
,
,
,
,
,
,
,
,
,
,
,
,
,
,
,
,
,
,
,
,
,
,
,
,
,
,
,
,
,
,
,
,
,
,
,
,
,
,
,
,
,
,
,
,
,
,
,
,
,
,
,
,
,
,
,
,
,
,
,
,
,
,
,
,
,
,
,
,
,
,
,
,
,
,
,
,
,
,
,
,
,
,
,
,
,
,
,
,
,
,
,
,
,
,
,
,
,
,
,
,
,
,
,
,
,
,
,
,
,
,
,
,
,
,
,
,
,
,
,
,
,
,
,
,
,
,
,
,
,
,
,
,
,
,
,
,
,
,
,
,
,
,
,
,
,
,
,
,
,
,
,
,
,
,
,
,
,
,
,
,
,
,
,
,
,
,
,
,
,
,
,
,
,
,
,
,
,
,
,
,
,
,
,
,
,
,
,
,
,
,
,
,
,
,
,
,
,
,
,
,
,
,
,
,
,
,
,
,
,
,
,
,
,
,
,
,
,
,
,
,
,
,
,
,
,
,
,
,
,
,
,
,
,
,
,
,
,
,
,
,
,
,
,
,
,
,
,
,
,
,
,
,
,
,
,
,
,
,
,
,
,
,
,
,
,
,
,
,
,
,
,
,
,
,
,
,
,
,
,
,
,
,
,
,
,
,
,
,
,
,
,
,
,
,
,
,
,
,
,
,
,
,
,
,
,
,
,
,
,
,
,
,
,
,
,
,
,
,
,
,
,
,
,
,
,
,
,
,
,
,
,
,
,
,
,
,
,
,
,
,
,
,
,
,
,
,
,
,
,
,
,
,
,
,
,
,
,
,
,
,
,
,
,
,
,
,
,
,
,
,
,
,
,
,
,
,
,
,
,
,
,
,
,
,
,
,
,
,
,
,
,
,
,
,
,
,
,
,
,
,
,
,
,
,
,
,
,
,
,
,
,
,
,
,
,
,
,
,
,
,
,
,
,
,
,
,
,
,
,
,
,
,
,
,
,
,
,
,
,
,
,
,
,
,
,
,
,
,
,
,
,
,
,
,
,
,
,
,
,
,
,
,
,
,
,
,
,
,
,
,
,
,
,
,
,
,
,
,
,
,
,
,
,
,
,
,
,
,
,
,
,
,
,
,
,
,
,
,
,
,
,
,
,
,
,
,
,
,
,
,
,
,
,
,
,
,
,
,
,
,
,
,
,
,
,
,
,
,
,
,
,
,
,
,
,
,
,
,
,
,
,
,
,
,
,
,
,
,
,
,
,
,
,
,
,
,
,
,
,
,
,
,
,
,
,
,
,
,
,
,
,
,
,
,
,
,
,
,
,
,
,
,
,
,
,
,
,
,
,
,
,
,
,
,
,
,
,
,
,
,
,
,
,
,
,
,
,
,
,
,
,
,
,
,
,
,
,
,
,
,
,
,
,
,
,
,
,
,
,
,
,
,
,
,
,
,
,
,
,
,
,
,
,
,
,
,
,
,
,
,
,
,
,
,
,
,
,
,
,
,
,
,
,
,
,
,
,
,
,
,
,
,
,
,
,
,
,
,
,
,
,
,
,
,
,
,
,
,
,
,
,
,
,
,
,
,
,
,
,
,
,
,
,
,
,
,
,
,
,
,
,
,
,
,
,
,
,
,
,
,
,
,
,
,
,
,
,
,
,
,
,
,
,
,
,
,
,
,
,
,
,
,
,
,
,
,
,
,
,
,
,
,
,
,
,
,
,
,
,
,
,
,
,
,
,
,
,
,
,
,
,
,
,
,
,
,
,
,
,
,
,
,
,
,
,
,
,
,
,
,
,
,
,
,
,
,
,
,
,
,
,
,
,
,
,
,
,
,
,
,
,
,
,
,
,
,
,
,
,
,
,
,
,
,
,
,
,
,
,
,
,
,
,
,
,
,
,
,
,
,
,
,
,
,
,
,
,
,
,
,
,
,
,
,
,
,
,
,
,
,
,
,
,
,
,
,
,
,
,
,
,
,
,
,
,
,
,
,
,
,
,
,
,
,
,
,
,
,
,
,
,
,
,
,
,
,
,
,
,
,
,
,
,
,
,
,
,
,
,
,
,
,
,
,
,
,
,
,
,
,
,
,
,
,
,
,
,
,
,
,
,
,
,
,
,
,
,
,
,
,
,
,
,
,
,
,
,
,
,
,
,
,
,
,
,
,
,
,
,
,
,
,
,
,
,
,
,
,
,
,
,
,
,
,
,
,
,
,
,
,
,
,
,
,
,
,
,
,
,
,
,
,
,
,
,
,
,
,
,
,
,
,
,
,
,
,
,
,
,
,
,
,
,
,
,
,
,
,
,
,
,
,
,
,
,
,
,
,
,
,
,
,
,
,
,
,
,
,
,
,
,
,
,
,
,
,
,
,
,
,
,
,
,
,
,
,
,
,
,
,
,
,
,
,
,
,
,
,
,
,
,
,
,
,
,
,
,
,
,
,
,
,
,
,
,
,
,
,
,
,
,
,
,
,
,
,
,
,
,
,
,
,
,
,
,
,
,
,
,
,
,
,
,
,
,
,
,
,
,
,
,
,
,
,
,
,
,
,
,
,
,
,
,
,
,
,
,
,
,
,
,
,
,
,
,
,
,
,
,
,
,
,
,
,
,
,
,
,
,
,
,
,
,
,
,
,
,
,
,
,
,
,
,
,
,
,
,
,
,
,
,
,
,
,
,
,
,
,
,
,
,
,
,
,
,
,
,
,
,
,
,
,
,
,
,
,
,
,
,
,
,
,
,
,
,
,
,
,
,
,
,
,
,
,
,
,
,
,
,
,
,
,
,
,
,
,
,
,
,
,
,
,
,
,
,
,
,
,
,
,
,
,
,
,
,
,
,
,
,
,
,
,
,
,
,
,
,
,
,
,
,
,
,
,
,
,
,
,
,
,
,
,
,
,
,
,
,
,
,
,
,
,
,
,
,
,
,
,
,
,
,
,
,
,
,
,
,
,
,
,
,
,
,
,
,
,
,
,
,
,
,
,
,
,
,
,
,
,
,
,
,
,
,
,
,
,
,
,
,
,
,
,
,
,
,
,
,
,
,
,
,
,
,
,
,
,
,
,
,
,
,
,
,
,
,
,
,
,
,
,
,
,
,
,
,
,
,
,
,
,
,
,
,
,
,
,
,
,
,
,
,
,
,
,
,
,
,
,
,
,
,
,
,
,
,
,
,
,
,
,
,
,
,
,
,
,
,
,
,
,
,
,
,
,
,
,
,
,
,
,
,
,
,
,
,
,
,
,
,
,
,
,
,
,
,
,
,
,
,
,
,
,
,
,
,
,
,
,
,
,
,
,
,
,
,
,
,
,
,
,
,
,
,
,
,
,
,
,
,
,
,
,
,
,
,
,
,
,
,
,
,
,
,
,
,
,
,
,
,
,
,
,
,
,
,
,
,
,
,
,
,
,
,
,
,
,
,
,
,
,
,
,
,
,
,
,
,
,
,
,
,
,
,
,
,
,
,
,
,
,
,
,
,
,
,
,
,
,
,
,
,
,
,
,
,
,
,
,
,
,
,
,
,
,
,
,
,
,
,
,
,
,
,
,
,
,
,
,
,
,
,
,
,
,
,
,
,
,
,
,
,
,
,
,
,
,
,
,
,
,
,
,
,
,
,
,
,
,
,
,
,
,
,
,
,
,
,
,
,
,
,
,
,
,
,
,
,
,
,
,
,
,
,
,
,
,
,
,
,
,
,
,
,
,
,
,
,
,
,
,
,
,
,
,
,
,
,
,
,
,
,
,
,
,
,
,
,
,
,
,
,
,
,
,
,
,
,
,
,
,
,
,
,
,
,
,
,
,
,
,
,
,
,
,
,
,
,
,
,
,
,
,
,
,
,
,
,
,
,
,
,
,
,
,
,
,
,
,
,
,
,
,
,
,
,
,
,
,
,
,
,
,
,
,
,
,
,
,
,
,
,
,
,
,
,
,
,
,
,
,
,
,
,
,
,
,
,
,
,
,
,
,
,
,
,
,
,
,
,
,
,
,
,
,
,
,
,
,
,
,
,
,
,
,
,
,
,
,
,
,
,
,
,
,
,
,
,
,
,
,
,
,
,
,
,
,
,
,
,
,
,
,
,
,
,
,
,
,
,
,
,
,
,
,
,
,
,
,
,
,
,
,
,
,
,
,
,
,
,
,
,
,
,
,
,
,
,
,
,
,
,
,
,
,
,
,
,
,
,
,
,
,
,
,
,
,
,
,
,
,
,
,
,
,
,
,
,
,
,
,
,
,
,
,
,
,
,
,
,
,
,
,
,
,
,
,
,
,
,
,
,
,
,
,
,
,
,
,
,
,
,
,
,
,
,
,
,
,
,
,
,
,
,
,
,
,
,
,
,
,
,
,
,
,
,
,
,
,
,
,
,
,
,
,
,
,
,
,
,
,
,
,
,
,
,
,
,
,
,
,
,
,
,
,
,
,
,
,
,
,
,
,
,
,
,
,
,
,
,
,
,
,
,
,
,
,
,
,
,
,
,
,
,
,
,
,
,
,
,
,
,
,
,
,
,
,
,
,
,
,
,
,
,
,
,
,
,
,
,
,
,
,
,
,
,
,
,
,
,
,
,
,
,
,
,
,
,
,
,
,
,
,
,
,
,
,
,
,
,
,
,
,
,
,
,
,
,
,
,
,
,
,
,
,
,
,
,
,
,
,
,
,
,
,
,
,
,
,
,
,
,
,
,
,
,
,
,
,
,
,
,
,
,
,
,
,
,
,
,
,
,
,
,
,
,
,
,
,
,
,
,
,
,
,
,
,
,
,
,
,
,
,
,
,
,
,
,
,
,
,
,
,
,
,
,
,
,
,
,
,
,
,
,
,
,
,
,
,
,
,
,
,
,
,
,
,
,
,
,
,
,
,
,
,
,
,
,
,
,
,
,
,
,
,
,
,
,
,
,
,
,
,
,
,
,
,
,
,
,
,
,
,
,
,
,
,
,
,
,
,
,
,
,
,
,
,
,
,
,
,
,
,
,
,
,
,
,
,
,
,
,
,
,
,
,
,
,
,
,
,
,
,
,
,
,
,
,
,
,
,
,
,
,
,
,
,
,
,
,
,
,
,
,
,
,
,
,
,
,
,
,
,
,
,
,
,
,
,
,
,
,
,
,
,
,
,
,
,
,
,
,
,
,
,
,
,
,
,
,
,
,
,
,
,
,
,
,
,
,
,
,
,
,
,
,
,
,
,
,
,
,
,
,
,
,
,
,
,
,
,
,
,
,
,
,
,
,
,
,
,
,
,
,
,
,
,
,
,
,
,
,
,
,
,
,
,
,
,
,
,
,
,
,
,
,
,
,
,
,
,
,
,
,
,
,
,
,
,
,
,
,
,
,
,
,
,
,
,
,
,
,
,
,
,
,
,
,
,
,
,
,
,
,
,
,
,
,
,
,
,
,
,
,
,
,
,
,
,
,
,
,
,
,
,
,
,
,
,
,
,
,
,
,
,
,
,
,
,
,
,
,
,
,
,
,
,
,
,
,
,
,
,
,
,
,
,
,
,
,
,
,
,
,
,
,
,
,
,
,
,
,
,
,
,
,
,
,
,
,
,
,
,
,
,
,
,
,
,
,
,
,
,
,
,
,
,
,
,
,
,
,
,
,
,
,
,
,
,
,
,
,
,
,
,
,
,
,
,
,
,
,
,
,
,
,
,
,
,
,
,
,
,
,
,
,
,
,
,
,
,
,
,
,
,
,
,
,
,
,
,
,
,
,
,
,
,
,
,
,
,
,
,
,
,
,
,
,
,
,
,
,
,
,
,
,
,
,
,
,
,
,
,
,
,
,
,
,
,
,
,
,
,
,
,
,
,
,
,
,
,
,
,
,
,
,
,
,
,
,
,
,
,
,
,
,
,
,
,
,
,
,
,
,
,
,
,
,
,
,
,
,
,
,
,
,
,
,
,
,
,
,
,
,
,
,
,
,
,
,
,
,
,
,
,
,
,
,
,
,
,
,
,
,
,
,
,
,
